순위,관광지명,광역시/도,시/군/구,중분류 카테고리,소분류 카테고리,검색건수,trip_no
1,수서역,서울특별시,강남구,기타관광,교통시설,"1,783,116",1
2,코엑스,서울특별시,강남구,문화관광,전시시설,"1,421,592",1
3,현대백화점무역센터점,서울특별시,강남구,쇼핑,백화점,"753,089",1
4,현대백화점압구정본점,서울특별시,강남구,쇼핑,백화점,"669,634",1
5,롯데백화점강남점,서울특별시,강남구,쇼핑,백화점,"315,523",1
6,갤러리아백화점명품관EAST,서울특별시,강남구,쇼핑,백화점,"270,511",1
7,갤러리아백화점명품관WEST,서울특별시,강남구,쇼핑,백화점,"216,784",1
8,SETEC,서울특별시,강남구,문화관광,전시시설,"215,515",1
9,봉은사,서울특별시,강남구,역사관광,종교성지,"179,563",1
10,코엑스아쿠아리움,서울특별시,강남구,문화관광,테마공원,"148,142",1
1,경복궁,서울특별시,종로구,역사관광,역사유적지,"295,560",2
2,동대문종합시장,서울특별시,종로구,쇼핑,시장,"270,532",2
3,팔각정북악스카이,서울특별시,종로구,문화관광,랜드마크관광,"217,503",2
4,광장시장,서울특별시,종로구,쇼핑,시장,"217,074",2
5,국립현대미술관서울관,서울특별시,종로구,문화관광,전시시설,"188,086",2
6,북악스카이웨이,서울특별시,종로구,기타관광,데이트코스,"153,977",2
7,광화문,서울특별시,종로구,역사관광,역사유적지,"106,901",2
8,조계사,서울특별시,종로구,역사관광,종교성지,"106,735",2
9,서울역사박물관,서울특별시,종로구,문화관광,전시시설,"78,018",2
10,낙산공원,서울특별시,종로구,문화관광,도시공원,"72,754",2
1,서울월드컵경기장,서울특별시,마포구,문화관광,레저스포츠시설,"336,808",3
2,망원한강공원,서울특별시,마포구,문화관광,도시공원,"228,377",3
3,망원시장,서울특별시,마포구,쇼핑,시장,"225,529",3
4,마포농수산물시장,서울특별시,마포구,쇼핑,시장,"159,368",3
5,하늘공원,서울특별시,마포구,문화관광,도시공원,"123,131",3
6,평화의공원,서울특별시,마포구,문화관광,도시공원,"110,864",3
7,난지한강공원,서울특별시,마포구,문화관광,도시공원,"110,651",3
8,KT&G상상마당홍대,서울특별시,마포구,문화관광,기타문화관광지,"88,472",3
9,AK플라자홍대,서울특별시,마포구,쇼핑,백화점,"79,136",3
10,메가박스상암월드컵경기장,서울특별시,마포구,문화관광,공연시설,"61,274",3
1,가락동농수산물도매시장,서울특별시,송파구,쇼핑,시장,"1,336,346",4
2,롯데월드몰,서울특별시,송파구,쇼핑,쇼핑몰,"929,691",4
3,롯데월드잠실점,서울특별시,송파구,문화관광,테마공원,"696,570",4
4,롯데백화점잠실점,서울특별시,송파구,쇼핑,백화점,"638,866",4
5,가든파이브라이프,서울특별시,송파구,쇼핑,쇼핑몰,"568,741",4
6,올림픽공원,서울특별시,송파구,문화관광,도시공원,"437,885",4
7,잠실야구장,서울특별시,송파구,문화관광,레저스포츠시설,"246,282",4
8,현대아울렛가든파이브점,서울특별시,송파구,쇼핑,쇼핑몰,"245,923",4
9,가든파이브툴,서울특별시,송파구,쇼핑,쇼핑몰,"216,174",4
10,롯데백화점에비뉴엘월드타워점,서울특별시,송파구,쇼핑,백화점,"182,560",4
1,롯데백화점본점,서울특별시,중구,쇼핑,백화점,"786,566",5
2,신세계백화점본점,서울특별시,중구,쇼핑,백화점,"596,455",5
3,신세계백화점본점신관,서울특별시,중구,쇼핑,백화점,"404,908",5
4,현대시티아울렛동대문점,서울특별시,중구,쇼핑,쇼핑몰,"393,094",5
5,두산타워,서울특별시,중구,쇼핑,쇼핑몰,"189,443",5
6,국립극장,서울특별시,중구,문화관광,공연시설,"176,184",5
7,밀리오레동대문점,서울특별시,중구,쇼핑,쇼핑몰,"155,401",5
8,방산종합시장,서울특별시,중구,쇼핑,시장,"116,696",5
9,충무아트센터,서울특별시,중구,문화관광,공연시설,"115,106",5
10,제일평화시장,서울특별시,중구,쇼핑,시장,"93,610",5
1,더현대서울,서울특별시,영등포구,쇼핑,백화점,"1,915,051",6
2,타임스퀘어,서울특별시,영등포구,쇼핑,쇼핑몰,"1,297,458",6
3,IFC몰,서울특별시,영등포구,쇼핑,쇼핑몰,"834,064",6
4,여의도한강공원,서울특별시,영등포구,문화관광,도시공원,"739,829",6
5,롯데백화점영등포점,서울특별시,영등포구,쇼핑,백화점,"347,513",6
6,신세계백화점타임스퀘어점,서울특별시,영등포구,쇼핑,백화점,"305,942",6
7,구여의도백화점,서울특별시,영등포구,쇼핑,쇼핑몰,"103,251",6
8,영등포역,서울특별시,영등포구,기타관광,교통시설,"97,625",6
9,CGV영등포,서울특별시,영등포구,문화관광,공연시설,"68,898",6
10,양화한강공원,서울특별시,영등포구,문화관광,도시공원,"68,444",6
1,서울역,서울특별시,용산구,기타관광,교통시설,"1,862,210",7
2,HDC아이파크몰용산점,서울특별시,용산구,쇼핑,백화점,"971,172",7
3,용산역,서울특별시,용산구,기타관광,교통시설,"812,634",7
4,국립중앙박물관,서울특별시,용산구,문화관광,전시시설,"471,810",7
5,CGV용산아이파크몰,서울특별시,용산구,문화관광,공연시설,"382,946",7
6,남산서울타워,서울특별시,용산구,문화관광,랜드마크관광,"301,896",7
7,전쟁기념관,서울특별시,용산구,문화관광,전시시설,"207,292",7
8,블루스퀘어,서울특별시,용산구,문화관광,공연시설,"156,042",7
9,노들섬,서울특별시,용산구,자연관광,자연경관(하천/해양),"116,498",7
10,리움미술관M1,서울특별시,용산구,문화관광,전시시설,"92,860",7
1,신세계백화점강남점,서울특별시,서초구,쇼핑,백화점,"1,374,552",8
2,서울고속버스터미널경부영동선,서울특별시,서초구,기타관광,교통시설,"1,006,772",8
3,예술의전당,서울특별시,서초구,문화관광,공연시설,"605,593",8
4,신세계센트럴시티터미널호남선,서울특별시,서초구,기타관광,교통시설,"430,573",8
5,서울남부터미널,서울특별시,서초구,기타관광,교통시설,"347,821",8
6,반포한강공원,서울특별시,서초구,문화관광,도시공원,"341,655",8
7,헌릉과인릉,서울특별시,서초구,역사관광,역사유적지,"302,863",8
8,뉴코아아울렛강남점,서울특별시,서초구,쇼핑,대형마트,"217,193",8
9,세빛섬,서울특별시,서초구,자연관광,자연경관(하천/해양),"104,775",8
10,잠원한강공원,서울특별시,서초구,문화관광,도시공원,"99,487",8
1,김포국제공항국내선,서울특별시,강서구,기타관광,교통시설,"3,671,283",9
2,롯데몰김포공항점,서울특별시,강서구,쇼핑,쇼핑몰,"1,027,444",9
3,김포국제공항국제선,서울특별시,강서구,기타관광,교통시설,"563,685",9
4,강서농산물도매시장,서울특별시,강서구,쇼핑,시장,"383,023",9
5,NC백화점강서점,서울특별시,강서구,쇼핑,백화점,"379,823",9
6,김포국제공항,서울특별시,강서구,기타관광,교통시설,"304,719",9
7,서울식물원,서울특별시,강서구,문화관광,테마공원,"287,507",9
8,수협강서수산시장,서울특별시,강서구,쇼핑,시장,"147,311",9
9,롯데백화점김포공항점,서울특별시,강서구,쇼핑,백화점,"123,886",9
10,인서울27골프클럽,서울특별시,강서구,레저스포츠,육상레저스포츠,"115,684",9
1,롯데백화점노원점,서울특별시,노원구,쇼핑,백화점,"51,325",10
2,2001아울렛중계점,서울특별시,노원구,쇼핑,대형마트,"46,749",10
3,건영백화점,서울특별시,노원구,쇼핑,백화점,"42,938",10
4,세이브존노원점,서울특별시,노원구,쇼핑,대형마트,"37,828",10
5,태릉CC,서울특별시,노원구,레저스포츠,육상레저스포츠,"34,652",10
6,태릉국제스케이트장,서울특별시,노원구,레저스포츠,육상레저스포츠,"27,001",10
7,화랑대철도공원,서울특별시,노원구,문화관광,도시공원,"21,203",10
8,마들스포츠타운,서울특별시,노원구,문화관광,레저스포츠시설,"19,031",10
9,광운대학교아이스링크,서울특별시,노원구,레저스포츠,육상레저스포츠,"17,074",10
10,불암산스포츠타운,서울특별시,노원구,문화관광,도시공원,"16,006",10
1,롯데백화점미아점,서울특별시,강북구,쇼핑,백화점,"210,837",11
2,북서울꿈의숲,서울특별시,강북구,문화관광,도시공원,"149,660",11
3,4.19기념탑,서울특별시,강북구,역사관광,역사유물,"97,332",11
4,도선사,서울특별시,강북구,역사관광,종교성지,"85,972",11
5,수유시장,서울특별시,강북구,쇼핑,시장,"80,712",11
6,화계사,서울특별시,강북구,역사관광,종교성지,"48,904",11
7,롯데시네마수유,서울특별시,강북구,문화관광,공연시설,"32,469",11
8,CGV수유,서울특별시,강북구,문화관광,공연시설,"31,558",11
9,솔밭공원,서울특별시,강북구,문화관광,도시공원,"26,382",11
10,우이동유원지,서울특별시,강북구,문화관광,복합관광시설,"21,070",11
1,신세계백화점센텀시티점,부산광역시,해운대구,쇼핑,백화점,"1,223,870",12
2,송정해수욕장,부산광역시,해운대구,자연관광,자연경관(하천/해양),"430,691",12
3,해운대해수욕장,부산광역시,해운대구,자연관광,자연경관(하천/해양),"406,405",12
4,벡스코제1전시장,부산광역시,해운대구,문화관광,전시시설,"388,089",12
5,반여농산물도매시장,부산광역시,해운대구,쇼핑,시장,"245,343",12
6,신세계센텀시티몰,부산광역시,해운대구,쇼핑,백화점,"204,076",12
7,롯데백화점센텀시티점,부산광역시,해운대구,쇼핑,백화점,"171,178",12
8,벡스코제2전시장,부산광역시,해운대구,문화관광,전시시설,"130,869",12
9,해운대블루라인파크미포정거장,부산광역시,해운대구,기타관광,기타관광,"115,191",12
10,부산요트경기장,부산광역시,해운대구,레저스포츠,수상레저스포츠,"110,110",12
1,롯데백화점광복점,부산광역시,중구,쇼핑,백화점,"436,050",13
2,자갈치시장,부산광역시,중구,쇼핑,시장,"235,762",13
3,국제시장,부산광역시,중구,쇼핑,시장,"212,027",13
4,부평깡통시장,부산광역시,중구,쇼핑,시장,"104,120",13
5,부산민주공원,부산광역시,중구,문화관광,도시공원,"41,838",13
6,롯데백화점광복점아쿠아몰,부산광역시,중구,쇼핑,백화점,"33,582",13
7,용두산공원,부산광역시,중구,문화관광,도시공원,"23,938",13
8,신동아시장,부산광역시,중구,쇼핑,시장,"21,349",13
9,부산항연안여객터미널,부산광역시,중구,기타관광,교통시설,"13,417",13
10,롯데시네마광복점,부산광역시,중구,문화관광,공연시설,"12,808",13
1,태종대,부산광역시,영도구,역사관광,역사유적지,"217,714",14
2,국립해양박물관,부산광역시,영도구,문화관광,전시시설,"146,245",14
3,흰여울문화마을,부산광역시,영도구,기타관광,기타관광,"62,884",14
4,피아크,부산광역시,영도구,문화관광,기타문화관광지,"37,127",14
5,남항시장,부산광역시,영도구,쇼핑,시장,"34,350",14
6,아르떼뮤지엄부산,부산광역시,영도구,문화관광,전시시설,"31,941",14
7,태종대전망대,부산광역시,영도구,문화관광,랜드마크관광,"26,949",14
8,태종대온천,부산광역시,영도구,체험관광,웰니스관광,"25,066",14
9,태종대자갈마당,부산광역시,영도구,기타관광,기타관광,"11,955",14
10,영도조내기고구마역사기념관,부산광역시,영도구,문화관광,전시시설,"8,640",14
1,롯데백화점동래점,부산광역시,동래구,쇼핑,백화점,"248,783",15
2,메가마트동래점,부산광역시,동래구,쇼핑,대형마트,"176,204",15
3,사직야구장,부산광역시,동래구,문화관광,레저스포츠시설,"171,665",15
4,허심청,부산광역시,동래구,체험관광,웰니스관광,"142,571",15
5,동래시장,부산광역시,동래구,쇼핑,시장,"59,344",15
6,CGV동래,부산광역시,동래구,문화관광,공연시설,"33,190",15
7,서원시장,부산광역시,동래구,쇼핑,시장,"32,287",15
8,충렬사,부산광역시,동래구,역사관광,역사유적지,"24,481",15
9,만덕고개누리길전망테크,부산광역시,동래구,문화관광,랜드마크관광,"23,725",15
10,부산해양자연사박물관,부산광역시,동래구,문화관광,전시시설,"21,131",15
1,광안리해수욕장,부산광역시,수영구,자연관광,자연경관(하천/해양),"450,410",16
2,밀락더마켓,부산광역시,수영구,쇼핑,쇼핑몰,"112,595",16
3,메가마트남천점,부산광역시,수영구,쇼핑,대형마트,"67,590",16
4,남천해변시장,부산광역시,수영구,쇼핑,시장,"42,470",16
5,수영팔도시장,부산광역시,수영구,쇼핑,시장,"35,632",16
6,F1963,부산광역시,수영구,문화관광,기타문화관광지,"34,338",16
7,민락어민활어직판장,부산광역시,수영구,쇼핑,시장,"28,420",16
8,민락수변공원,부산광역시,수영구,문화관광,도시공원,"24,168",16
9,민락회타운,부산광역시,수영구,쇼핑,시장,"20,163",16
10,수영사적공원,부산광역시,수영구,문화관광,도시공원,"14,598",16
1,다대포해수욕장,부산광역시,사하구,자연관광,자연경관(하천/해양),"256,292",17
2,다대포해변공원,부산광역시,사하구,문화관광,도시공원,"110,863",17
3,아트몰링하단점,부산광역시,사하구,쇼핑,쇼핑몰,"96,414",17
4,감천문화마을,부산광역시,사하구,기타관광,기타관광,"72,004",17
5,뉴코아아울렛괴정점,부산광역시,사하구,쇼핑,대형마트,"47,604",17
6,장림골목시장,부산광역시,사하구,쇼핑,시장,"44,650",17
7,부산현대미술관,부산광역시,사하구,문화관광,전시시설,"44,064",17
8,을숙도공원,부산광역시,사하구,문화관광,도시공원,"21,340",17
9,감천중앙부두,부산광역시,사하구,자연관광,자연경관(하천/해양),"16,242",17
10,낙동강하구에코센터,부산광역시,사하구,기타관광,기타관광,"12,435",17
1,더현대대구,대구광역시,중구,쇼핑,백화점,"473,486",18
2,서문시장,대구광역시,중구,쇼핑,시장,"343,723",18
3,대구백화점프라자점,대구광역시,중구,쇼핑,백화점,"116,296",18
4,서문시장2지구종합상가,대구광역시,중구,쇼핑,시장,"101,425",18
5,2.28기념중앙공원,대구광역시,중구,문화관광,도시공원,"87,398",18
6,스파크랜드,대구광역시,중구,문화관광,테마공원,"61,756",18
7,달성공원,대구광역시,중구,문화관광,도시공원,"60,807",18
8,김광석다시그리기길,대구광역시,중구,문화관광,테마공원,"52,822",18
9,동아백화점쇼핑점,대구광역시,중구,쇼핑,백화점,"50,914",18
10,롯데시네마프리미엄만경,대구광역시,중구,문화관광,공연시설,"47,307",18
1,수성못,대구광역시,수성구,자연관광,자연경관(하천/해양),"179,713",20
2,대구삼성라이온즈파크,대구광역시,수성구,문화관광,레저스포츠시설,"146,245",20
3,대구미술관,대구광역시,수성구,문화관광,전시시설,"71,620",20
4,동아백화점수성점,대구광역시,수성구,쇼핑,백화점,"69,700",20
5,무열대체력단련장,대구광역시,수성구,레저스포츠,육상레저스포츠,"50,714",20
6,CGV대구스타디움,대구광역시,수성구,문화관광,공연시설,"49,793",20
7,국립대구박물관,대구광역시,수성구,문화관광,전시시설,"45,764",20
8,수성아트피아,대구광역시,수성구,문화관광,공연시설,"39,428",20
9,대구간송미술관,대구광역시,수성구,문화관광,전시시설,"35,816",20
10,수성유원지,대구광역시,수성구,문화관광,복합관광시설,"35,429",20
1,이월드,대구광역시,달서구,문화관광,테마공원,"203,221",21
2,모다아울렛대구점,대구광역시,달서구,쇼핑,쇼핑몰,"151,125",21
3,롯데백화점상인점,대구광역시,달서구,쇼핑,백화점,"132,687",21
4,대구수목원,대구광역시,달서구,자연관광,자연공원,"127,297",21
5,두류공원,대구광역시,달서구,문화관광,도시공원,"91,396",21
6,서남시장,대구광역시,달서구,쇼핑,시장,"63,074",21
7,월광수변공원,대구광역시,달서구,문화관광,도시공원,"62,952",21
8,CGV대구월성,대구광역시,달서구,문화관광,공연시설,"43,275",21
9,와룡시장,대구광역시,달서구,쇼핑,시장,"34,457",21
10,코오롱야외음악당,대구광역시,달서구,문화관광,공연시설,"32,628",21
1,인천국제공항제1여객터미널,인천광역시,중구,기타관광,교통시설,"7,759,566",22
2,인천국제공항제2여객터미널,인천광역시,중구,기타관광,교통시설,"4,138,063",22
3,월미도,인천광역시,중구,자연관광,자연경관(하천/해양),"578,217",22
4,을왕리해수욕장,인천광역시,중구,자연관광,자연경관(하천/해양),"545,196",22
5,인천종합어시장,인천광역시,중구,쇼핑,시장,"498,725",22
6,연안부두,인천광역시,중구,자연관광,자연경관(하천/해양),"247,586",22
7,클럽72CC바다코스,인천광역시,중구,레저스포츠,육상레저스포츠,"235,444",22
8,하나개해수욕장,인천광역시,중구,자연관광,자연경관(하천/해양),"201,608",22
9,삼목선착장,인천광역시,중구,기타관광,교통시설,"193,326",22
10,신포국제시장,인천광역시,중구,쇼핑,시장,"167,322",22
1,현대프리미엄아울렛송도점,인천광역시,연수구,쇼핑,쇼핑몰,"1,433,740",23
2,스퀘어원,인천광역시,연수구,쇼핑,쇼핑몰,"551,763",23
3,송도컨벤시아,인천광역시,연수구,문화관광,전시시설,"391,561",23
4,송도센트럴파크,인천광역시,연수구,문화관광,도시공원,"308,665",23
5,트리플스트리트A동,인천광역시,연수구,쇼핑,쇼핑몰,"213,955",23
6,트리플스트리트D동,인천광역시,연수구,쇼핑,쇼핑몰,"180,606",23
7,트리플스트리트C동,인천광역시,연수구,쇼핑,쇼핑몰,"165,967",23
8,오렌지듄스GC,인천광역시,연수구,레저스포츠,육상레저스포츠,"124,630",23
9,인천신항,인천광역시,연수구,자연관광,자연경관(하천/해양),"109,607",23
10,트리플스트리트B동,인천광역시,연수구,쇼핑,쇼핑몰,"97,283",23
1,인천대공원,인천광역시,남동구,문화관광,도시공원,"469,547",24
2,소래포구종합어시장,인천광역시,남동구,쇼핑,시장,"408,371",24
3,남촌농산물도매시장,인천광역시,남동구,쇼핑,시장,"363,541",24
4,소래포구,인천광역시,남동구,자연관광,자연경관(하천/해양),"292,330",24
5,모래내시장,인천광역시,남동구,쇼핑,시장,"183,763",24
6,뉴코아아울렛인천점,인천광역시,남동구,쇼핑,대형마트,"139,932",24
7,CGV인천,인천광역시,남동구,문화관광,공연시설,"115,703",24
8,올리브백화점,인천광역시,남동구,쇼핑,백화점,"71,282",24
9,로데오거리,인천광역시,남동구,문화관광,테마공원,"61,653",24
10,간석자유시장,인천광역시,남동구,쇼핑,시장,"48,951",24
1,롯데백화점인천점,인천광역시,미추홀구,쇼핑,백화점,"845,338",25
2,인천종합터미널,인천광역시,미추홀구,기타관광,교통시설,"567,311",25
3,인천SSG랜더스필드,인천광역시,미추홀구,문화관광,레저스포츠시설,"157,595",25
4,신기시장,인천광역시,미추홀구,쇼핑,시장,"148,644",25
5,석바위시장,인천광역시,미추홀구,쇼핑,시장,"79,031",25
6,앨리웨이인천,인천광역시,미추홀구,쇼핑,쇼핑몰,"78,338",25
7,토지금고시장,인천광역시,미추홀구,쇼핑,시장,"76,953",25
8,문학박태환수영장,인천광역시,미추홀구,문화관광,테마공원,"72,130",25
9,용현시장,인천광역시,미추홀구,쇼핑,시장,"63,428",25
10,CGV인천도화,인천광역시,미추홀구,문화관광,공연시설,"63,264",25
1,인천어린이과학관,인천광역시,계양구,문화관광,전시시설,"87,355",26
2,아라마루전망대,인천광역시,계양구,문화관광,랜드마크관광,"75,246",26
3,계양산전통시장,인천광역시,계양구,쇼핑,시장,"70,343",26
4,경인아라뱃길아라폭포,인천광역시,계양구,자연관광,자연경관(산),"56,027",26
5,CGV계양,인천광역시,계양구,문화관광,공연시설,"52,248",26
6,계산시장,인천광역시,계양구,쇼핑,시장,"52,207",26
7,계산체육공원,인천광역시,계양구,문화관광,도시공원,"31,027",26
8,강서개화축구장,인천광역시,계양구,문화관광,레저스포츠시설,"29,084",26
9,작전시장,인천광역시,계양구,쇼핑,시장,"21,811",26
10,계양산,인천광역시,계양구,자연관광,자연경관(산),"21,555",26
1,롯데백화점광주점,광주광역시,동구,쇼핑,백화점,"194,151",27
2,국립아시아문화전당,광주광역시,동구,문화관광,전시시설,"179,154",27
3,NC웨이브충장점,광주광역시,동구,쇼핑,백화점,"109,630",27
4,증심사,광주광역시,동구,역사관광,종교성지,"33,906",27
5,남광주시장,광주광역시,동구,쇼핑,시장,"27,081",27
6,대인시장,광주광역시,동구,쇼핑,시장,"24,600",27
7,렛츠런CCC광주지점,광주광역시,동구,레저스포츠,육상레저스포츠,"19,804",27
8,전일빌딩245,광주광역시,동구,문화관광,기타문화관광지,"17,398",27
9,CGV광주금남로,광주광역시,동구,문화관광,공연시설,"16,745",27
10,롯데시네마충장로,광주광역시,동구,문화관광,공연시설,"11,794",27
1,유스퀘어 광주종합버스터미널,광주광역시,서구,기타관광,교통시설,"589,006",28
2,신세계백화점광주신세계점,광주광역시,서구,쇼핑,백화점,"313,688",28
3,김대중컨벤션센터,광주광역시,서구,문화관광,전시시설,"187,167",28
4,서부농수산물도매시장,광주광역시,서구,쇼핑,시장,"112,729",28
5,광주양동시장,광주광역시,서구,쇼핑,시장,"104,405",28
6,세정아울렛,광주광역시,서구,쇼핑,쇼핑몰,"92,130",28
7,롯데아울렛광주월드컵점,광주광역시,서구,쇼핑,쇼핑몰,"86,010",28
8,신세계백화점광주신세계점신관,광주광역시,서구,쇼핑,백화점,"58,392",28
9,금호월드,광주광역시,서구,쇼핑,쇼핑몰,"56,607",28
10,광주아울렛,광주광역시,서구,쇼핑,쇼핑몰,"53,749",28
1,빛고을CC,광주광역시,남구,레저스포츠,육상레저스포츠,"26,846",29
2,무등시장,광주광역시,남구,쇼핑,시장,"26,171",29
3,효천역,광주광역시,남구,기타관광,교통시설,"19,429",29
4,광주시립수목원,광주광역시,남구,자연관광,자연공원,"17,047",29
5,광주공원,광주광역시,남구,문화관광,도시공원,"16,963",29
6,펭귄마을,광주광역시,남구,기타관광,기타관광,"12,800",29
7,사직공원,광주광역시,남구,문화관광,도시공원,"12,256",29
8,광주실감콘텐츠큐브,광주광역시,남구,문화관광,기타문화관광지,"11,093",29
9,광주김치타운,광주광역시,남구,기타관광,기타관광,"10,292",29
10,사직공원전망타워,광주광역시,남구,문화관광,랜드마크관광,"10,222",29
1,광주기아챔피언스필드,광주광역시,북구,문화관광,레저스포츠시설,"138,736",30
2,광주역,광주광역시,북구,기타관광,교통시설,"101,261",30
3,광주각화농산물도매시장,광주광역시,북구,쇼핑,시장,"78,945",30
4,광주패밀리랜드,광주광역시,북구,문화관광,테마공원,"76,102",30
5,말바우시장,광주광역시,북구,쇼핑,시장,"64,211",30
6,국립광주과학관,광주광역시,북구,문화관광,전시시설,"63,122",30
7,NC백화점광주역점,광주광역시,북구,쇼핑,백화점,"42,227",30
8,광주비엔날레전시관,광주광역시,북구,문화관광,전시시설,"37,564",30
9,산동교친수공원,광주광역시,북구,문화관광,도시공원,"37,206",30
10,국립광주박물관,광주광역시,북구,문화관광,전시시설,"34,698",30
1,서대전역,대전광역시,중구,기타관광,교통시설,"243,897",31
2,대전오월드,대전광역시,중구,문화관광,테마공원,"167,427",31
3,한화생명이글스파크,대전광역시,중구,문화관광,레저스포츠시설,"123,922",31
4,우리들공원,대전광역시,중구,문화관광,도시공원,"122,321",31
5,대전아쿠아리움,대전광역시,중구,문화관광,테마공원,"44,455",31
6,NC백화점중앙로역점,대전광역시,중구,쇼핑,백화점,"43,659",31
7,뿌리공원,대전광역시,중구,문화관광,도시공원,"38,254",31
8,세이백화점본점,대전광역시,중구,쇼핑,백화점,"32,683",31
9,안영생활체육시설단지,대전광역시,중구,문화관광,도시공원,"29,190",31
10,문창시장,대전광역시,중구,쇼핑,시장,"27,614",31
1,갤러리아백화점타임월드점,대전광역시,서구,쇼핑,백화점,"458,218",32
2,롯데백화점대전점,대전광역시,서구,쇼핑,백화점,"342,719",32
3,한밭수목원,대전광역시,서구,자연관광,자연공원,"146,800",32
4,장태산자연휴양림,대전광역시,서구,자연관광,자연공원,"136,521",32
5,세이브존대전점,대전광역시,서구,쇼핑,대형마트,"60,892",32
6,한민시장,대전광역시,서구,쇼핑,시장,"52,708",32
7,샤크존,대전광역시,서구,쇼핑,쇼핑몰,"46,136",32
8,도마큰시장,대전광역시,서구,쇼핑,시장,"46,026",32
9,로데오타운,대전광역시,서구,쇼핑,쇼핑몰,"44,879",32
10,롯데시네마대전관저,대전광역시,서구,문화관광,공연시설,"35,976",32
1,신세계백화점대전신세계Art&Science,대전광역시,유성구,쇼핑,백화점,"902,725",33
2,현대프리미엄아울렛대전점,대전광역시,유성구,쇼핑,쇼핑몰,"694,251",33
3,NC백화점대전유성점,대전광역시,유성구,쇼핑,백화점,"207,159",33
4,대전월드컵경기장,대전광역시,유성구,문화관광,레저스포츠시설,"165,491",33
5,노은농수산물도매시장,대전광역시,유성구,쇼핑,시장,"141,935",33
6,자운대쇼핑타운,대전광역시,유성구,쇼핑,쇼핑몰,"119,495",33
7,모다아울렛대전점,대전광역시,유성구,쇼핑,쇼핑몰,"117,666",33
8,국립중앙과학관,대전광역시,유성구,문화관광,전시시설,"110,585",33
9,엑스포코아,대전광역시,유성구,쇼핑,쇼핑몰,"97,293",33
10,대전컨벤션센터제1전시장,대전광역시,유성구,문화관광,전시시설,"92,736",33
1,신탄진역,대전광역시,대덕구,기타관광,교통시설,"192,774",34
2,오정농수산물도매시장,대전광역시,대덕구,쇼핑,시장,"160,955",34
3,계족산황톳길,대전광역시,대덕구,레저스포츠,기타레저스포츠,"51,072",34
4,중리전통시장,대전광역시,대덕구,쇼핑,시장,"34,242",34
5,장동산림욕장,대전광역시,대덕구,자연관광,자연공원,"31,329",34
6,대청공원,대전광역시,대덕구,문화관광,도시공원,"22,780",34
7,동춘당공원,대전광역시,대덕구,문화관광,도시공원,"20,730",34
8,길치문화공원,대전광역시,대덕구,문화관광,도시공원,"15,740",34
9,대청호,대전광역시,대덕구,자연관광,자연경관(하천/해양),"14,103",34
10,대전조차장역,대전광역시,대덕구,기타관광,교통시설,"11,381",34
1,태화강국가정원,울산광역시,중구,문화관광,도시공원,"145,602",35
2,울산시립미술관,울산광역시,중구,문화관광,전시시설,"40,464",35
3,십리대숲(은하수길)태화강국가정원,울산광역시,중구,문화관광,도시공원,"23,369",35
4,중구문화의전당,울산광역시,중구,문화관광,공연시설,"18,776",35
5,롯데시네마울산성남,울산광역시,중구,문화관광,공연시설,"18,099",35
6,백양사,울산광역시,중구,역사관광,종교성지,"16,390",35
7,학성공원,울산광역시,중구,문화관광,도시공원,"15,424",35
8,태화종합시장,울산광역시,중구,쇼핑,시장,"10,847",35
9,구역전시장,울산광역시,중구,쇼핑,시장,"10,230",35
10,메가박스울산,울산광역시,중구,문화관광,공연시설,"7,766",35
1,현대백화점울산점,울산광역시,남구,쇼핑,백화점,"211,368",36
2,롯데백화점울산점,울산광역시,남구,쇼핑,백화점,"185,508",36
3,태화강역,울산광역시,남구,기타관광,교통시설,"153,512",36
4,울산대공원,울산광역시,남구,문화관광,테마공원,"152,032",36
5,업스퀘어,울산광역시,남구,쇼핑,쇼핑몰,"122,184",36
6,장생포고래박물관,울산광역시,남구,문화관광,전시시설,"115,301",36
7,울산시외버스터미널,울산광역시,남구,기타관광,교통시설,"92,591",36
8,울산농수산물도매시장,울산광역시,남구,쇼핑,시장,"87,964",36
9,문수월드컵경기장,울산광역시,남구,문화관광,레저스포츠시설,"83,585",36
10,세이브존울산점,울산광역시,남구,쇼핑,대형마트,"47,461",36
1,대왕암공원,울산광역시,동구,문화관광,도시공원,"141,004",37
2,일산해수욕장,울산광역시,동구,자연관광,자연경관(하천/해양),"87,026",37
3,주전몽돌해변,울산광역시,동구,자연관광,자연경관(하천/해양),"57,824",37
4,현대백화점울산동구점,울산광역시,동구,쇼핑,백화점,"48,517",37
5,대왕암공원출렁다리,울산광역시,동구,기타관광,기타관광,"41,913",37
6,방어진항,울산광역시,동구,자연관광,자연경관(하천/해양),"31,229",37
7,슬도,울산광역시,동구,자연관광,자연경관(하천/해양),"20,536",37
8,울산대교전망대,울산광역시,동구,문화관광,랜드마크관광,"15,386",37
9,CGV울산동구,울산광역시,동구,문화관광,공연시설,"12,336",37
10,울산시립어린이테마파크,울산광역시,동구,문화관광,테마공원,"11,103",37
1,울산공항,울산광역시,북구,기타관광,교통시설,"93,673",38
2,메가마트울산점,울산광역시,북구,쇼핑,대형마트,"71,118",38
3,베이스타즈CC,울산광역시,북구,레저스포츠,육상레저스포츠,"43,911",38
4,정자항,울산광역시,북구,자연관광,자연경관(하천/해양),"43,325",38
5,신선도원몰,울산광역시,북구,쇼핑,쇼핑몰,"36,662",38
6,모다아울렛울산점,울산광역시,북구,쇼핑,쇼핑몰,"36,654",38
7,북울산역,울산광역시,북구,기타관광,교통시설,"35,972",38
8,CGV울산진장,울산광역시,북구,문화관광,공연시설,"27,935",38
9,정자해수욕장,울산광역시,북구,자연관광,자연경관(하천/해양),"27,689",38
10,울산농협농수산물종합유통센터,울산광역시,북구,쇼핑,시장,"26,264",38
1,울산역,울산광역시,울주군,기타관광,교통시설,"430,256",39
2,간절곶,울산광역시,울주군,기타관광,기타관광,"92,857",39
3,진하해수욕장,울산광역시,울주군,자연관광,자연경관(하천/해양),"68,036",39
4,언양자수정동굴나라,울산광역시,울주군,자연관광,자연생태,"47,130",39
5,골프존카운티더골프,울산광역시,울주군,레저스포츠,육상레저스포츠,"39,167",39
6,보라CC,울산광역시,울주군,레저스포츠,육상레저스포츠,"36,373",39
7,석남사,울산광역시,울주군,역사관광,종교성지,"28,474",39
8,울산CC,울산광역시,울주군,레저스포츠,육상레저스포츠,"28,087",39
9,언양알프스시장,울산광역시,울주군,쇼핑,시장,"27,550",39
10,울산전시컨벤션센터,울산광역시,울주군,문화관광,전시시설,"26,457",39
1,아침고요수목원,경기도,가평군,문화관광,테마공원,"236,465",40
2,남이섬선착장,경기도,가평군,기타관광,교통시설,"231,896",40
3,청평역,경기도,가평군,기타관광,교통시설,"141,033",40
4,가평베네스트GC,경기도,가평군,레저스포츠,육상레저스포츠,"118,627",40
5,남이섬,경기도,가평군,자연관광,자연경관(하천/해양),"116,792",40
6,아난티코드골프클럽,경기도,가평군,레저스포츠,육상레저스포츠,"116,540",40
7,썬힐GC,경기도,가평군,레저스포츠,육상레저스포츠,"114,359",40
8,자라섬,경기도,가평군,자연관광,자연경관(하천/해양),"95,865",40
9,베뉴지CC,경기도,가평군,레저스포츠,육상레저스포츠,"90,196",40
10,대성리역,경기도,가평군,기타관광,교통시설,"88,018",40
1,수원역,경기도,수원시 권선구,기타관광,교통시설,"571,455",41
2,타임빌라스수원,경기도,수원시 권선구,쇼핑,백화점,"562,647",41
3,타임빌라스수원,경기도,수원시 권선구,쇼핑,쇼핑몰,"547,090",41
4,수원버스터미널,경기도,수원시 권선구,기타관광,교통시설,"502,425",41
5,수원농수산물도매시장,경기도,수원시 권선구,쇼핑,시장,"298,696",41
6,수원메쎄,경기도,수원시 권선구,문화관광,전시시설,"139,764",41
7,NC백화점수원터미널점,경기도,수원시 권선구,쇼핑,백화점,"115,107",41
8,서수원버스터미널,경기도,수원시 권선구,기타관광,교통시설,"96,184",41
9,수원체력단련장,경기도,수원시 권선구,레저스포츠,육상레저스포츠,"72,870",41
10,국립농업박물관,경기도,수원시 권선구,문화관광,전시시설,"71,331",41
1,롯데프리미엄아울렛기흥점,경기도,용인시 기흥구,쇼핑,쇼핑몰,"1,098,205",42
2,한국민속촌,경기도,용인시 기흥구,역사관광,역사유적지,"471,139",42
3,골드CC,경기도,용인시 기흥구,레저스포츠,육상레저스포츠,"208,993",42
4,수원CC,경기도,용인시 기흥구,레저스포츠,육상레저스포츠,"177,399",42
5,88CC,경기도,용인시 기흥구,레저스포츠,육상레저스포츠,"152,231",42
6,한성CC,경기도,용인시 기흥구,레저스포츠,육상레저스포츠,"150,407",42
7,리빙파워센터,경기도,용인시 기흥구,쇼핑,쇼핑몰,"149,609",42
8,AK&기흥,경기도,용인시 기흥구,쇼핑,쇼핑몰,"133,064",42
9,태광CC,경기도,용인시 기흥구,레저스포츠,육상레저스포츠,"92,368",42
10,경기도어린이박물관,경기도,용인시 기흥구,문화관광,전시시설,"77,991",42
1,현대백화점판교점,경기도,성남시 분당구,쇼핑,백화점,"1,880,446",43
2,AK플라자분당,경기도,성남시 분당구,쇼핑,백화점,"349,720",43
3,율동공원,경기도,성남시 분당구,문화관광,도시공원,"346,036",43
4,아브뉴프랑판교,경기도,성남시 분당구,쇼핑,쇼핑몰,"230,283",43
5,롯데백화점분당점,경기도,성남시 분당구,쇼핑,백화점,"228,209",43
6,NC백화점야탑점,경기도,성남시 분당구,쇼핑,백화점,"211,701",43
7,성남시임시버스터미널,경기도,성남시 분당구,기타관광,교통시설,"203,468",43
8,2001아울렛분당점,경기도,성남시 분당구,쇼핑,대형마트,"170,265",43
9,남서울CC,경기도,성남시 분당구,레저스포츠,육상레저스포츠,"123,147",43
10,분당중앙공원,경기도,성남시 분당구,문화관광,도시공원,"88,663",43
1,동탄역,경기도,화성시,기타관광,교통시설,"1,028,574",44
2,롯데백화점동탄점,경기도,화성시,쇼핑,백화점,"847,076",44
3,궁평항,경기도,화성시,자연관광,자연경관(하천/해양),"429,004",44
4,리베라CC,경기도,화성시,레저스포츠,육상레저스포츠,"248,240",44
5,동탄호수공원,경기도,화성시,문화관광,도시공원,"231,864",44
6,제부도,경기도,화성시,자연관광,자연경관(하천/해양),"186,094",44
7,융릉과건릉,경기도,화성시,역사관광,역사유적지,"162,353",44
8,율암온천숯가마테마파크,경기도,화성시,체험관광,웰니스관광,"146,583",44
9,사강시장,경기도,화성시,쇼핑,시장,"142,413",44
10,롯데시네마향남,경기도,화성시,문화관광,공연시설,"141,813",44
1,방아머리해변,경기도,안산시 단원구,자연관광,자연경관(하천/해양),"204,213",45
2,NC백화점고잔점,경기도,안산시 단원구,쇼핑,백화점,"192,600",45
3,대부도,경기도,안산시 단원구,자연관광,자연경관(하천/해양),"182,968",45
4,롯데백화점안산점,경기도,안산시 단원구,쇼핑,백화점,"162,695",45
5,탄도선착장,경기도,안산시 단원구,기타관광,교통시설,"151,804",45
6,더헤븐CC,경기도,안산시 단원구,레저스포츠,육상레저스포츠,"145,445",45
7,화랑유원지,경기도,안산시 단원구,문화관광,복합관광시설,"112,706",45
8,안산문화예술의전당,경기도,안산시 단원구,문화관광,공연시설,"87,980",45
9,바다향기수목원,경기도,안산시 단원구,자연관광,자연공원,"67,653",45
10,롯데시네마센트럴락,경기도,안산시 단원구,문화관광,공연시설,"61,545",45
1,스타필드고양,경기도,고양시 덕양구,쇼핑,쇼핑몰,"2,764,787",46
2,행신역,경기도,고양시 덕양구,기타관광,교통시설,"619,616",46
3,행주산성,경기도,고양시 덕양구,역사관광,역사유적지,"211,610",46
4,고양어울림누리,경기도,고양시 덕양구,문화관광,기타문화관광지,"136,041",46
5,서오릉,경기도,고양시 덕양구,역사관광,역사유적지,"127,605",46
6,고양CC,경기도,고양시 덕양구,레저스포츠,육상레저스포츠,"108,161",46
7,스프링힐스CC,경기도,고양시 덕양구,레저스포츠,육상레저스포츠,"106,382",46
8,원당시장,경기도,고양시 덕양구,쇼핑,시장,"95,664",46
9,한양파인CC,경기도,고양시 덕양구,레저스포츠,육상레저스포츠,"93,650",46
10,서울한양CC,경기도,고양시 덕양구,레저스포츠,육상레저스포츠,"93,021",46
1,롯데프리미엄아울렛이천점,경기도,이천시,쇼핑,쇼핑몰,"886,455",47
2,이천종합버스터미널,경기도,이천시,기타관광,교통시설,"292,525",47
3,비에이비스타CC,경기도,이천시,레저스포츠,육상레저스포츠,"223,356",47
4,테르메덴,경기도,이천시,체험관광,웰니스관광,"188,257",47
5,지산포레스트리조트스키장,경기도,이천시,레저스포츠,육상레저스포츠,"172,818",47
6,더크로스비GC,경기도,이천시,레저스포츠,육상레저스포츠,"138,107",47
7,설봉공원,경기도,이천시,문화관광,도시공원,"129,440",47
8,블랙스톤이천GC,경기도,이천시,레저스포츠,육상레저스포츠,"98,693",47
9,뉴스프링빌CC,경기도,이천시,레저스포츠,육상레저스포츠,"97,858",47
10,이천실크밸리GC,경기도,이천시,레저스포츠,육상레저스포츠,"96,089",47
1,신세계프리미엄아울렛파주점,경기도,파주시,쇼핑,쇼핑몰,"1,310,377",48
2,롯데프리미엄아울렛파주점,경기도,파주시,쇼핑,쇼핑몰,"927,314",48
3,헤이리예술마을,경기도,파주시,기타관광,기타관광,"328,051",48
4,평화누리,경기도,파주시,문화관광,도시공원,"257,721",48
5,금촌역,경기도,파주시,기타관광,교통시설,"249,502",48
6,마장호수출렁다리,경기도,파주시,기타관광,기타관광,"220,077",48
7,문산역,경기도,파주시,기타관광,교통시설,"208,271",48
8,서원힐스CC,경기도,파주시,레저스포츠,육상레저스포츠,"177,456",48
9,임진각,경기도,파주시,기타관광,기타관광,"173,000",48
10,파주CC,경기도,파주시,레저스포츠,육상레저스포츠,"142,658",48
1,스타필드시티부천,경기도,부천시,쇼핑,쇼핑몰,"603,622",49
2,현대백화점중동점,경기도,부천시,쇼핑,백화점,"546,518",49
3,롯데백화점중동점,경기도,부천시,쇼핑,백화점,"354,833",49
4,부천터미널소풍,경기도,부천시,기타관광,교통시설,"303,190",49
5,웅진플레이도시,경기도,부천시,문화관광,테마공원,"205,209",49
6,뉴코아아울렛부천점,경기도,부천시,쇼핑,대형마트,"204,442",49
7,세이브존부천상동점,경기도,부천시,쇼핑,대형마트,"115,386",49
8,상동호수공원,경기도,부천시,문화관광,도시공원,"101,222",49
9,부천중앙공원,경기도,부천시,문화관광,도시공원,"83,010",49
10,현대백화점 유플렉스중동점,경기도,부천시,쇼핑,백화점,"80,468",49
1,레고랜드코리아리조트,강원특별자치도,춘천시,문화관광,테마공원,"204,833",50
2,남춘천역,강원특별자치도,춘천시,기타관광,교통시설,"157,317",50
3,춘천역,강원특별자치도,춘천시,기타관광,교통시설,"149,279",50
4,춘천삼악산호수케이블카,강원특별자치도,춘천시,기타관광,기타관광,"137,295",50
5,춘천시외버스터미널,강원특별자치도,춘천시,기타관광,교통시설,"119,474",50
6,남이섬,강원특별자치도,춘천시,자연관광,자연경관(하천/해양),"115,137",50
7,엘리시안강촌CC,강원특별자치도,춘천시,레저스포츠,육상레저스포츠,"105,212",50
8,엘리시안강촌스키장,강원특별자치도,춘천시,레저스포츠,육상레저스포츠,"93,202",50
9,더플레이어스골프클럽,강원특별자치도,춘천시,레저스포츠,육상레저스포츠,"85,334",50
10,파가니카CC,강원특별자치도,춘천시,레저스포츠,육상레저스포츠,"82,410",50
1,속초관광수산시장,강원특별자치도,속초시,쇼핑,시장,"1,604,232",51
2,속초해변,강원특별자치도,속초시,자연관광,자연경관(하천/해양),"622,403",51
3,설악케이블카,강원특별자치도,속초시,기타관광,기타관광,"314,126",51
4,대포항,강원특별자치도,속초시,자연관광,자연경관(하천/해양),"229,816",51
5,동명항,강원특별자치도,속초시,자연관광,자연경관(하천/해양),"160,627",51
6,속초아이대관람차,강원특별자치도,속초시,기타관광,기타관광,"160,571",51
7,영금정전망대,강원특별자치도,속초시,문화관광,랜드마크관광,"117,580",51
8,설악워터피아,강원특별자치도,속초시,문화관광,테마공원,"88,224",51
9,속초고속버스터미널,강원특별자치도,속초시,기타관광,교통시설,"80,765",51
10,속초시외버스터미널,강원특별자치도,속초시,기타관광,교통시설,"62,767",51
1,강릉중앙시장,강원특별자치도,강릉시,쇼핑,시장,"378,446",52
2,경포해변,강원특별자치도,강릉시,자연관광,자연경관(하천/해양),"319,764",52
3,주문진항,강원특별자치도,강릉시,자연관광,자연경관(하천/해양),"303,800",52
4,안목해변,강원특별자치도,강릉시,자연관광,자연경관(하천/해양),"273,660",52
5,주문진수산시장,강원특별자치도,강릉시,쇼핑,시장,"270,075",52
6,강릉역,강원특별자치도,강릉시,기타관광,교통시설,"229,882",52
7,경포대,강원특별자치도,강릉시,역사관광,역사유적지,"192,569",52
8,아르떼뮤지엄강릉,강원특별자치도,강릉시,문화관광,전시시설,"162,565",52
9,강릉시외버스터미널,강원특별자치도,강릉시,기타관광,교통시설,"127,055",52
10,정동진해변,강원특별자치도,강릉시,자연관광,자연경관(하천/해양),"105,981",52
1,원주종합버스터미널,강원특별자치도,원주시,기타관광,교통시설,"373,456",53
2,오크밸리CC,강원특별자치도,원주시,레저스포츠,육상레저스포츠,"169,302",53
3,원주소금산출렁다리,강원특별자치도,원주시,기타관광,기타관광,"153,172",53
4,뮤지엄산,강원특별자치도,원주시,문화관광,전시시설,"143,632",53
5,센추리21CC,강원특별자치도,원주시,레저스포츠,육상레저스포츠,"141,709",53
6,만종역,강원특별자치도,원주시,기타관광,교통시설,"112,961",53
7,원주역,강원특별자치도,원주시,기타관광,교통시설,"109,580",53
8,AK플라자원주,강원특별자치도,원주시,쇼핑,백화점,"104,558",53
9,미로예술원주중앙시장,강원특별자치도,원주시,쇼핑,시장,"84,966",53
10,원주반계리은행나무,강원특별자치도,원주시,역사관광,역사유적지,"73,672",53
1,낙산사,강원특별자치도,양양군,역사관광,종교성지,"318,578",54
2,낙산해변,강원특별자치도,양양군,자연관광,자연경관(하천/해양),"195,142",54
3,휴휴암,강원특별자치도,양양군,역사관광,종교성지,"172,036",54
4,서피비치,강원특별자치도,양양군,레저스포츠,수상레저스포츠,"167,809",54
5,양양전통시장,강원특별자치도,양양군,쇼핑,시장,"154,761",54
6,하조대해변,강원특별자치도,양양군,자연관광,자연경관(하천/해양),"118,621",54
7,설해원CC,강원특별자치도,양양군,레저스포츠,육상레저스포츠,"112,835",54
8,인구해변,강원특별자치도,양양군,자연관광,자연경관(하천/해양),"70,682",54
9,하조대전망대,강원특별자치도,양양군,문화관광,랜드마크관광,"68,543",54
10,물치항,강원특별자치도,양양군,자연관광,자연경관(하천/해양),"52,284",54
1,청남대,충청북도,청주시 상당구,기타관광,기타관광,"212,644",55
2,육거리종합시장,충청북도,청주시 상당구,쇼핑,시장,"119,897",55
3,대청댐전망대,충청북도,청주시 상당구,문화관광,랜드마크관광,"105,781",55
4,상당산성,충청북도,청주시 상당구,역사관광,역사유적지,"78,986",55
5,청주동물원,충청북도,청주시 상당구,문화관광,테마공원,"55,194",55
6,CGV청주서문,충청북도,청주시 상당구,문화관광,공연시설,"50,391",55
7,이븐데일CC,충청북도,청주시 상당구,레저스포츠,육상레저스포츠,"47,868",55
8,미동산수목원,충청북도,청주시 상당구,자연관광,자연공원,"35,476",55
9,공사체력단련장,충청북도,청주시 상당구,레저스포츠,육상레저스포츠,"31,898",55
10,국립청주박물관,충청북도,청주시 상당구,문화관광,전시시설,"28,795",55
1,충주공용버스터미널,충청북도,충주시,기타관광,교통시설,"181,081",56
2,활옥동굴,충청북도,충주시,자연관광,자연생태,"146,898",56
3,대영힐스CC,충청북도,충주시,레저스포츠,육상레저스포츠,"117,218",56
4,올데이CC,충청북도,충주시,레저스포츠,육상레저스포츠,"106,937",56
5,충주역,충청북도,충주시,기타관광,교통시설,"94,634",56
6,임페리얼레이크CC,충청북도,충주시,레저스포츠,육상레저스포츠,"89,662",56
7,센테리움CC,충청북도,충주시,레저스포츠,육상레저스포츠,"85,198",56
8,시그너스CC,충청북도,충주시,레저스포츠,육상레저스포츠,"80,634",56
9,대영베이스CC,충청북도,충주시,레저스포츠,육상레저스포츠,"80,559",56
10,로얄포레CC,충청북도,충주시,레저스포츠,육상레저스포츠,"80,206",56
1,제천역,충청북도,제천시,기타관광,교통시설,"174,630",57
2,청풍호반케이블카,충청북도,제천시,기타관광,기타관광,"157,128",57
3,의림지,충청북도,제천시,자연관광,자연경관(하천/해양),"133,992",57
4,제천중앙시장,충청북도,제천시,쇼핑,시장,"79,784",57
5,배론성지,충청북도,제천시,역사관광,역사유적지,"61,939",57
6,킹즈락CC,충청북도,제천시,레저스포츠,육상레저스포츠,"60,116",57
7,제천옥순봉출렁다리,충청북도,제천시,기타관광,기타관광,"54,594",57
8,제천시외버스터미널,충청북도,제천시,기타관광,교통시설,"52,843",57
9,제천경찰수련원,충청북도,제천시,레저스포츠,육상레저스포츠,"52,467",57
10,청풍호관광모노레일,충청북도,제천시,레저스포츠,기타레저스포츠,"40,178",57
1,천안종합버스터미널,충청남도,천안시 동남구,기타관광,교통시설,"483,908",58
2,신세계백화점천안아산점,충청남도,천안시 동남구,쇼핑,백화점,"464,713",58
3,독립기념관,충청남도,천안시 동남구,문화관광,전시시설,"321,552",58
4,천안중앙시장,충청남도,천안시 동남구,쇼핑,시장,"145,803",58
5,오션어드벤처,충청남도,천안시 동남구,문화관광,테마공원,"84,334",58
6,천안상록CC,충청남도,천안시 동남구,레저스포츠,육상레저스포츠,"79,625",58
7,각원사,충청남도,천안시 동남구,역사관광,종교성지,"67,082",58
8,천안상록리조트,충청남도,천안시 동남구,문화관광,복합관광시설,"58,282",58
9,골프존카운티천안,충청남도,천안시 동남구,레저스포츠,육상레저스포츠,"56,024",58
10,마론뉴데이CC,충청남도,천안시 동남구,레저스포츠,육상레저스포츠,"55,224",58
1,동학사,충청남도,공주시,역사관광,종교성지,"260,214",59
2,공주종합버스터미널,충청남도,공주시,기타관광,교통시설,"166,868",59
3,마곡사,충청남도,공주시,역사관광,종교성지,"160,142",59
4,공산성,충청남도,공주시,역사관광,역사유적지,"112,806",59
5,공주역,충청남도,공주시,기타관광,교통시설,"69,109",59
6,공주산성시장,충청남도,공주시,쇼핑,시장,"68,835",59
7,갑사,충청남도,공주시,역사관광,종교성지,"66,885",59
8,국립공주박물관,충청남도,공주시,문화관광,전시시설,"53,801",59
9,프린세스GC,충청남도,공주시,레저스포츠,육상레저스포츠,"44,939",59
10,금강신관공원,충청남도,공주시,문화관광,도시공원,"40,412",59
1,논산역,충청남도,논산시,기타관광,교통시설,"132,757",60
2,탑정호출렁다리,충청남도,논산시,기타관광,기타관광,"85,379",60
3,강경역,충청남도,논산시,기타관광,교통시설,"49,394",60
4,선샤인랜드,충청남도,논산시,문화관광,테마공원,"37,812",60
5,아리스타CC,충청남도,논산시,레저스포츠,육상레저스포츠,"37,759",60
6,탑정호,충청남도,논산시,자연관광,자연경관(하천/해양),"35,553",60
7,논산시외버스터미널,충청남도,논산시,기타관광,교통시설,"35,540",60
8,화지중앙시장,충청남도,논산시,쇼핑,시장,"29,251",60
9,관촉사,충청남도,논산시,역사관광,종교성지,"27,426",60
10,창공대체력단련장,충청남도,논산시,레저스포츠,육상레저스포츠,"27,039",60
1,서산공용버스터미널,충청남도,서산시,기타관광,교통시설,"195,513",61
2,해미읍성,충청남도,서산시,역사관광,역사유적지,"193,563",61
3,삼길포항,충청남도,서산시,자연관광,자연경관(하천/해양),"185,983",61
4,개심사,충청남도,서산시,역사관광,종교성지,"73,369",61
5,간월암,충청남도,서산시,역사관광,종교성지,"73,253",61
6,서산동부전통시장,충청남도,서산시,쇼핑,시장,"56,709",61
7,중앙호수공원,충청남도,서산시,문화관광,도시공원,"49,692",61
8,서산유기방가옥,충청남도,서산시,역사관광,역사유적지,"45,736",61
9,서산수골프앤리조트,충청남도,서산시,레저스포츠,육상레저스포츠,"40,764",61
10,간월도,충청남도,서산시,자연관광,자연경관(하천/해양),"33,297",61
1,전주역,전북특별자치도,전주시 덕진구,기타관광,교통시설,"376,448",62
2,전주고속버스터미널,전북특별자치도,전주시 덕진구,기타관광,교통시설,"193,374",62
3,전주월드컵경기장,전북특별자치도,전주시 덕진구,문화관광,레저스포츠시설,"190,449",62
4,전주시외버스공용터미널,전북특별자치도,전주시 덕진구,기타관광,교통시설,"140,945",62
5,전주동물원,전북특별자치도,전주시 덕진구,문화관광,테마공원,"132,582",62
6,전주덕진공원,전북특별자치도,전주시 덕진구,문화관광,도시공원,"86,143",62
7,한국도로공사 수목원,전북특별자치도,전주시 덕진구,자연관광,자연공원,"81,766",62
8,한국소리문화의전당,전북특별자치도,전주시 덕진구,문화관광,공연시설,"40,692",62
9,아중역폐역,전북특별자치도,전주시 덕진구,기타관광,교통시설,"37,600",62
10,전주시농수산물도매시장,전북특별자치도,전주시 덕진구,쇼핑,시장,"30,487",62
1,롯데몰군산점,전북특별자치도,군산시,쇼핑,쇼핑몰,"172,170",63
2,선유도해수욕장,전북특별자치도,군산시,자연관광,자연경관(하천/해양),"118,442",63
3,비응항,전북특별자치도,군산시,기타관광,교통시설,"111,551",63
4,군산CC,전북특별자치도,군산시,레저스포츠,육상레저스포츠,"102,995",63
5,은파호수공원,전북특별자치도,군산시,문화관광,도시공원,"96,909",63
6,군산고속버스터미널,전북특별자치도,군산시,기타관광,교통시설,"84,900",63
7,선유도,전북특별자치도,군산시,자연관광,자연경관(하천/해양),"80,649",63
8,군산수산물종합센터,전북특별자치도,군산시,쇼핑,시장,"79,309",63
9,군산근대역사박물관,전북특별자치도,군산시,문화관광,전시시설,"75,157",63
10,군산공항,전북특별자치도,군산시,기타관광,교통시설,"61,696",63
1,광한루원,전북특별자치도,남원시,기타관광,기타관광,"141,786",64
2,남원역,전북특별자치도,남원시,기타관광,교통시설,"63,250",64
3,골프존카운티드래곤,전북특별자치도,남원시,레저스포츠,육상레저스포츠,"29,739",64
4,남원공용시외버스터미널,전북특별자치도,남원시,기타관광,교통시설,"24,166",64
5,지리산허브밸리,전북특별자치도,남원시,문화관광,복합관광시설,"21,402",64
6,남원상록골프장,전북특별자치도,남원시,레저스포츠,육상레저스포츠,"18,177",64
7,춘향테마파크,전북특별자치도,남원시,기타관광,기타관광,"16,223",64
8,춘향골공설시장,전북특별자치도,남원시,쇼핑,시장,"15,729",64
9,뱀사골계곡,전북특별자치도,남원시,자연관광,자연경관(산),"15,329",64
10,실상사,전북특별자치도,남원시,역사관광,종교성지,"13,354",64
1,익산역,전북특별자치도,익산시,기타관광,교통시설,"476,370",65
2,클럽디금강,전북특별자치도,익산시,레저스포츠,육상레저스포츠,"53,335",65
3,미륵사지,전북특별자치도,익산시,역사관광,역사유적지,"51,046",65
4,익산보석박물관,전북특별자치도,익산시,문화관광,전시시설,"46,056",65
5,상떼힐익산CC,전북특별자치도,익산시,레저스포츠,육상레저스포츠,"35,757",65
6,익산공용버스터미널,전북특별자치도,익산시,기타관광,교통시설,"34,498",65
7,함열역,전북특별자치도,익산시,기타관광,교통시설,"32,269",65
8,롯데시네마익산모현,전북특별자치도,익산시,문화관광,공연시설,"29,966",65
9,아가페정원,전북특별자치도,익산시,문화관광,도시공원,"29,698",65
10,중앙체육공원,전북특별자치도,익산시,문화관광,도시공원,"29,322",65
1,순천만국가정원,전라남도,순천시,기타관광,기타관광,"464,742",66
2,순천역,전라남도,순천시,기타관광,교통시설,"286,869",66
3,순천종합버스터미널,전라남도,순천시,기타관광,교통시설,"102,157",66
4,낙안읍성민속마을,전라남도,순천시,역사관광,역사유적지,"96,134",66
5,순천만습지,전라남도,순천시,기타관광,기타관광,"88,385",66
6,선암사,전라남도,순천시,역사관광,종교성지,"75,807",66
7,송광사,전라남도,순천시,역사관광,종교성지,"70,745",66
8,NC백화점순천점,전라남도,순천시,쇼핑,백화점,"63,184",66
9,CGV순천신대,전라남도,순천시,문화관광,공연시설,"62,957",66
10,구례구역,전라남도,순천시,기타관광,교통시설,"47,405",66
1,오동도,전라남도,여수시,자연관광,자연경관(하천/해양),"200,365",67
2,여수해상케이블카돌산정류장,전라남도,여수시,기타관광,기타관광,"193,387",67
3,향일암,전라남도,여수시,역사관광,종교성지,"181,468",67
4,여수엑스포역,전라남도,여수시,기타관광,교통시설,"160,635",67
5,아쿠아플라넷여수,전라남도,여수시,문화관광,테마공원,"149,239",67
6,여수예술랜드,전라남도,여수시,레저스포츠,기타레저스포츠,"111,818",67
7,여수공항,전라남도,여수시,기타관광,교통시설,"102,565",67
8,유월드루지테마파크,전라남도,여수시,문화관광,테마공원,"77,834",67
9,만성리검은모래해변,전라남도,여수시,자연관광,자연경관(하천/해양),"66,534",67
10,여수수산시장,전라남도,여수시,쇼핑,시장,"57,831",67
1,목포역,전라남도,목포시,기타관광,교통시설,"312,231",68
2,목포해상케이블카북항승강장,전라남도,목포시,기타관광,기타관광,"158,318",68
3,목포종합버스터미널,전라남도,목포시,기타관광,교통시설,"143,014",68
4,목포연안여객선터미널,전라남도,목포시,기타관광,교통시설,"119,159",68
5,동부시장,전라남도,목포시,쇼핑,시장,"48,067",68
6,목포항국제여객터미널,전라남도,목포시,기타관광,교통시설,"47,774",68
7,목포북항,전라남도,목포시,자연관광,자연경관(하천/해양),"43,308",68
8,갓바위,전라남도,목포시,기타관광,기타관광,"36,998",68
9,목포근대역사관1관,전라남도,목포시,문화관광,전시시설,"33,879",68
10,청호시장,전라남도,목포시,쇼핑,시장,"33,832",68
1,나주역,전라남도,나주시,기타관광,교통시설,"135,165",69
2,골드레이크CC,전라남도,나주시,레저스포츠,육상레저스포츠,"56,324",69
3,해피니스CC,전라남도,나주시,레저스포츠,육상레저스포츠,"53,312",69
4,느러지전망관람대,전라남도,나주시,문화관광,랜드마크관광,"46,769",69
5,국립나주박물관,전라남도,나주시,문화관광,전시시설,"31,005",69
6,영산포공용터미널,전라남도,나주시,기타관광,교통시설,"29,630",69
7,빛가람전망대,전라남도,나주시,문화관광,랜드마크관광,"25,264",69
8,나주시외버스터미널,전라남도,나주시,기타관광,교통시설,"22,435",69
9,CGV나주,전라남도,나주시,문화관광,공연시설,"20,945",69
10,농협나주축산물공판장,전라남도,나주시,쇼핑,시장,"18,272",69
1,불국사,경상북도,경주시,역사관광,종교성지,"464,632",70
2,경주역,경상북도,경주시,기타관광,교통시설,"325,902",70
3,동궁과월지,경상북도,경주시,역사관광,역사유적지,"302,520",70
4,첨성대,경상북도,경주시,역사관광,역사유적지,"280,016",70
5,보문관광단지,경상북도,경주시,문화관광,복합관광시설,"213,501",70
6,경주월드,경상북도,경주시,문화관광,테마공원,"211,819",70
7,국립경주박물관,경상북도,경주시,문화관광,전시시설,"207,405",70
8,대릉원,경상북도,경주시,역사관광,역사유적지,"205,289",70
9,석굴암,경상북도,경주시,역사관광,역사유적지,"194,865",70
10,경주시외버스터미널,경상북도,경주시,기타관광,교통시설,"184,948",70
1,안동하회마을,경상북도,안동시,역사관광,역사유적지,"164,055",71
2,월영교,경상북도,안동시,기타관광,기타관광,"125,596",71
3,안동역,경상북도,안동시,기타관광,교통시설,"106,149",71
4,안동구시장,경상북도,안동시,쇼핑,시장,"100,696",71
5,안동터미널,경상북도,안동시,기타관광,교통시설,"94,252",71
6,도산서원,경상북도,안동시,역사관광,역사유적지,"62,989",71
7,낙강물길공원,경상북도,안동시,문화관광,도시공원,"37,143",71
8,중앙신시장,경상북도,안동시,쇼핑,시장,"31,289",71
9,봉정사,경상북도,안동시,역사관광,종교성지,"30,466",71
10,만휴정,경상북도,안동시,역사관광,역사유적지,"28,338",71
1,포항시외버스터미널,경상북도,포항시 남구,기타관광,교통시설,"224,675",72
2,구룡포항,경상북도,포항시 남구,자연관광,자연경관(하천/해양),"100,675",72
3,구룡포일본인가옥거리,경상북도,포항시 남구,문화관광,테마공원,"99,839",72
4,오천시장,경상북도,포항시 남구,쇼핑,시장,"76,193",72
5,포항경주공항,경상북도,포항시 남구,기타관광,교통시설,"66,016",72
6,구룡포시장,경상북도,포항시 남구,쇼핑,시장,"47,215",72
7,송도해수욕장,경상북도,포항시 남구,자연관광,자연경관(하천/해양),"45,889",72
8,포항고속버스터미널,경상북도,포항시 남구,기타관광,교통시설,"44,786",72
9,연오랑세오녀테마공원,경상북도,포항시 남구,문화관광,도시공원,"36,775",72
10,구룡포해수욕장,경상북도,포항시 남구,자연관광,자연경관(하천/해양),"34,098",72
1,경산역,경상북도,경산시,기타관광,교통시설,"106,787",73
2,하양역,경상북도,경산시,기타관광,교통시설,"79,575",73
3,대구CC,경상북도,경산시,레저스포츠,육상레저스포츠,"75,053",73
4,인터불고경산CC,경상북도,경산시,레저스포츠,육상레저스포츠,"71,955",73
5,갓바위,경상북도,경산시,역사관광,역사유적지,"69,395",73
6,경산공설시장,경상북도,경산시,쇼핑,시장,"47,230",73
7,삼성현역사문화공원,경상북도,경산시,문화관광,도시공원,"39,928",73
8,CGV경산,경상북도,경산시,문화관광,공연시설,"36,994",73
9,자인시장,경상북도,경산시,쇼핑,시장,"30,183",73
10,천마아트센터,경상북도,경산시,문화관광,공연시설,"29,124",73
1,마산어시장,경상남도,창원시 마산합포구,쇼핑,시장,"133,537",74
2,마산로봇랜드,경상남도,창원시 마산합포구,문화관광,테마공원,"119,063",74
3,신세계백화점마산점,경상남도,창원시 마산합포구,쇼핑,백화점,"114,281",74
4,롯데백화점마산점,경상남도,창원시 마산합포구,쇼핑,백화점,"52,570",74
5,장수암,경상남도,창원시 마산합포구,역사관광,종교성지,"48,470",74
6,창원NC파크,경상남도,창원시 마산합포구,문화관광,레저스포츠시설,"47,924",74
7,저도연육교스카이워크,경상남도,창원시 마산합포구,기타관광,기타관광,"43,948",74
8,스파더스페이스,경상남도,창원시 마산합포구,체험관광,웰니스관광,"42,568",74
9,3.15해양누리공원,경상남도,창원시 마산합포구,문화관광,도시공원,"36,009",74
10,광암해수욕장,경상남도,창원시 마산합포구,자연관광,자연경관(하천/해양),"29,886",74
1,통영중앙전통시장,경상남도,통영시,쇼핑,시장,"337,907",75
2,통영케이블카,경상남도,통영시,기타관광,기타관광,"104,282",75
3,통영여객선터미널,경상남도,통영시,기타관광,교통시설,"91,018",75
4,통영종합버스터미널,경상남도,통영시,기타관광,교통시설,"81,335",75
5,이순신공원,경상남도,통영시,문화관광,도시공원,"71,080",75
6,동피랑벽화마을,경상남도,통영시,기타관광,기타관광,"66,358",75
7,삼덕항,경상남도,통영시,자연관광,자연경관(하천/해양),"59,875",75
8,스카이라인루지통영,경상남도,통영시,레저스포츠,기타레저스포츠,"57,367",75
9,서호전통시장,경상남도,통영시,쇼핑,시장,"47,608",75
10,디피랑,경상남도,통영시,기타관광,기타관광,"27,186",75
1,바람의언덕,경상남도,거제시,문화관광,기타문화관광지,"197,302",76
2,매미성,경상남도,거제시,역사관광,역사유적지,"182,603",76
3,거제고현시장,경상남도,거제시,쇼핑,시장,"106,304",76
4,고현시외버스터미널,경상남도,거제시,기타관광,교통시설,"103,504",76
5,학동흑진주몽돌해변,경상남도,거제시,자연관광,자연경관(하천/해양),"94,052",76
6,거제파노라마케이블카,경상남도,거제시,레저스포츠,기타레저스포츠,"89,550",76
7,거제정글돔,경상남도,거제시,문화관광,테마공원,"66,201",76
8,거제포로수용소유적공원,경상남도,거제시,역사관광,역사유적지,"49,089",76
9,거제도,경상남도,거제시,자연관광,자연경관(하천/해양),"31,729",76
10,구조라유람선터미널,경상남도,거제시,기타관광,교통시설,"28,633",76
1,진주역,경상남도,진주시,기타관광,교통시설,"156,342",77
2,롯데몰진주점,경상남도,진주시,쇼핑,쇼핑몰,"127,319",77
3,진주시외버스터미널,경상남도,진주시,기타관광,교통시설,"93,552",77
4,갤러리아백화점진주점,경상남도,진주시,쇼핑,백화점,"62,000",77
5,진주중앙시장,경상남도,진주시,쇼핑,시장,"59,523",77
6,경상남도수목원,경상남도,진주시,자연관광,자연공원,"51,246",77
7,진주고속버스터미널,경상남도,진주시,기타관광,교통시설,"50,072",77
8,CGV진주혁신,경상남도,진주시,문화관광,공연시설,"38,727",77
9,모다아울렛진주점본관,경상남도,진주시,쇼핑,쇼핑몰,"38,147",77
10,진주성,경상남도,진주시,역사관광,역사유적지,"37,915",77
1,제주국제공항,제주특별자치도,제주시,기타관광,교통시설,"1,246,309",78
2,동문재래시장,제주특별자치도,제주시,쇼핑,시장,"393,058",78
3,함덕해수욕장,제주특별자치도,제주시,자연관광,자연경관(하천/해양),"280,750",78
4,협재해수욕장,제주특별자치도,제주시,자연관광,자연경관(하천/해양),"168,503",78
5,이호테우해변,제주특별자치도,제주시,자연관광,자연경관(하천/해양),"135,654",78
6,김녕해수욕장,제주특별자치도,제주시,자연관광,자연경관(하천/해양),"113,677",78
7,비자림,제주특별자치도,제주시,자연관광,자연공원,"113,442",78
8,아르떼뮤지엄제주,제주특별자치도,제주시,문화관광,전시시설,"105,733",78
9,제주항연안여객터미널,제주특별자치도,제주시,기타관광,교통시설,"96,336",78
10,곽지해수욕장,제주특별자치도,제주시,자연관광,자연경관(하천/해양),"95,118",78
1,서귀포매일올레시장,제주특별자치도,서귀포시,쇼핑,시장,"367,718",79
2,성산일출봉,제주특별자치도,서귀포시,자연관광,자연경관(산),"261,247",79
3,오설록티뮤지엄,제주특별자치도,서귀포시,문화관광,전시시설,"153,083",79
4,아쿠아플라넷제주,제주특별자치도,서귀포시,문화관광,테마공원,"143,995",79
5,섭지코지,제주특별자치도,서귀포시,기타관광,기타관광,"143,603",79
6,성산포종합여객터미널,제주특별자치도,서귀포시,기타관광,교통시설,"105,857",79
7,카멜리아힐,제주특별자치도,서귀포시,문화관광,테마공원,"96,948",79
8,주상절리대,제주특별자치도,서귀포시,기타관광,기타관광,"93,760",79
9,산방산탄산온천,제주특별자치도,서귀포시,체험관광,웰니스관광,"90,729",79
10,용머리해안,제주특별자치도,서귀포시,기타관광,기타관광,"82,722",79
1,조치원역,세종특별자치시,세종특별자치시,기타관광,교통시설,"322,420",80
2,국립세종수목원,세종특별자치시,세종특별자치시,문화관광,테마공원,"190,151",80
3,세종호수공원,세종특별자치시,세종특별자치시,문화관광,도시공원,"142,986",80
4,세종고속시외버스터미널,세종특별자치시,세종특별자치시,기타관광,교통시설,"102,106",80
5,세종에머슨CC,세종특별자치시,세종특별자치시,레저스포츠,육상레저스포츠,"96,105",80
6,대평시장,세종특별자치시,세종특별자치시,쇼핑,시장,"88,782",80
7,세종전통시장,세종특별자치시,세종특별자치시,쇼핑,시장,"79,027",80
8,부강역,세종특별자치시,세종특별자치시,기타관광,교통시설,"75,067",80
9,CGV세종,세종특별자치시,세종특별자치시,문화관광,공연시설,"71,375",80
10,메가박스세종나성,세종특별자치시,세종특별자치시,문화관광,공연시설,"68,497",80
11,한국도심공항,서울특별시,강남구,기타관광,교통시설,"124,304",1
12,바운스트램폴린파크삼성센터,서울특별시,강남구,문화관광,테마공원,"102,711",1
13,메가박스코엑스,서울특별시,강남구,문화관광,공연시설,"93,235",1
14,잠원한강공원,서울특별시,강남구,문화관광,도시공원,"90,017",1
15,스타필드코엑스몰,서울특별시,강남구,쇼핑,쇼핑몰,"64,875",1
16,광림아트센터BBCH홀,서울특별시,강남구,문화관광,공연시설,"61,616",1
17,도산근린공원,서울특별시,강남구,문화관광,도시공원,"59,466",1
18,CGV강남,서울특별시,강남구,문화관광,공연시설,"58,203",1
19,신사동가로수길,서울특별시,강남구,문화관광,테마공원,"55,891",1
20,세븐럭코엑스센터점,서울특별시,강남구,문화관광,기타문화관광지,"51,938",1
11,창경궁,서울특별시,종로구,역사관광,역사유적지,"67,236",2
12,청와대,서울특별시,종로구,기타관광,기타관광,"52,528",2
13,북촌한옥마을,서울특별시,종로구,역사관광,역사유적지,"37,041",2
14,국립어린이과학관,서울특별시,종로구,문화관광,전시시설,"35,199",2
15,동화면세점본점,서울특별시,종로구,쇼핑,면세점,"34,919",2
16,CGV피카디리1958,서울특별시,종로구,문화관광,공연시설,"34,650",2
17,안녕인사동,서울특별시,종로구,쇼핑,쇼핑몰,"34,609",2
18,청와대정문,서울특별시,종로구,기타관광,기타관광,"33,945",2
19,두산아트센터,서울특별시,종로구,문화관광,공연시설,"31,948",2
20,국립민속박물관,서울특별시,종로구,문화관광,전시시설,"28,860",2
11,망원유수지체육공원,서울특별시,마포구,문화관광,도시공원,"46,652",3
12,난지천공원,서울특별시,마포구,문화관광,도시공원,"43,742",3
13,절두산순교성지,서울특별시,마포구,역사관광,역사유적지,"33,368",3
14,노을공원,서울특별시,마포구,문화관광,도시공원,"31,931",3
15,월드컵공원,서울특별시,마포구,문화관광,도시공원,"30,409",3
16,와이즈파크,서울특별시,마포구,쇼핑,쇼핑몰,"29,868",3
17,CGV연남,서울특별시,마포구,문화관광,공연시설,"27,763",3
18,문화비축기지,서울특별시,마포구,문화관광,기타문화관광지,"26,140",3
19,롯데시네마홍대입구,서울특별시,마포구,문화관광,공연시설,"24,845",3
20,난지천공원인조잔디축구장,서울특별시,마포구,문화관광,레저스포츠시설,"24,748",3
11,가락몰,서울특별시,송파구,쇼핑,시장,"179,668",4
12,가든파이브웍스,서울특별시,송파구,쇼핑,쇼핑몰,"160,442",4
13,롯데월드아쿠아리움,서울특별시,송파구,문화관광,테마공원,"156,665",4
14,NC백화점송파점,서울특별시,송파구,쇼핑,백화점,"149,557",4
15,잠실한강공원,서울특별시,송파구,문화관광,도시공원,"142,872",4
16,가락수산시장,서울특별시,송파구,쇼핑,시장,"130,804",4
17,롯데시네마월드타워,서울특별시,송파구,문화관광,공연시설,"104,573",4
18,롯데콘서트홀,서울특별시,송파구,문화관광,공연시설,"92,164",4
19,샤롯데씨어터,서울특별시,송파구,문화관광,공연시설,"87,040",4
20,송파책박물관,서울특별시,송파구,문화관광,전시시설,"81,449",4
11,디오트쇼핑몰,서울특별시,중구,쇼핑,쇼핑몰,"91,200",5
12,남대문시장,서울특별시,중구,쇼핑,시장,"90,934",5
13,신라면세점서울점,서울특별시,중구,쇼핑,면세점,"75,968",5
14,DDP패션몰,서울특별시,중구,쇼핑,쇼핑몰,"70,305",5
15,롯데백화점에비뉴엘본점,서울특별시,중구,쇼핑,백화점,"69,418",5
16,누죤,서울특별시,중구,쇼핑,쇼핑몰,"64,741",5
17,남산케이블카,서울특별시,중구,기타관광,기타관광,"64,384",5
18,서울시립미술관,서울특별시,중구,문화관광,전시시설,"58,848",5
19,SFC몰,서울특별시,중구,쇼핑,쇼핑몰,"53,245",5
20,롯데영플라자명동점,서울특별시,중구,쇼핑,백화점,"52,049",5
11,대신시장,서울특별시,영등포구,쇼핑,시장,"67,975",6
12,선유도공원,서울특별시,영등포구,문화관광,도시공원,"65,622",6
13,문래근린공원,서울특별시,영등포구,문화관광,도시공원,"53,914",6
14,영등포청과시장,서울특별시,영등포구,쇼핑,시장,"41,628",6
15,롯데시네마영등포,서울특별시,영등포구,문화관광,공연시설,"37,639",6
16,CGV여의도,서울특별시,영등포구,문화관광,공연시설,"35,468",6
17,아쿠아플라넷63,서울특별시,영등포구,문화관광,테마공원,"32,720",6
18,영등포공원,서울특별시,영등포구,문화관광,도시공원,"32,411",6
19,영등포전통시장,서울특별시,영등포구,쇼핑,시장,"31,947",6
20,이랜드크루즈여의도선착장,서울특별시,영등포구,기타관광,교통시설,"30,407",6
11,이촌한강공원,서울특별시,용산구,문화관광,도시공원,"92,659",7
12,용산가족공원,서울특별시,용산구,문화관광,도시공원,"83,647",7
13,용산전자상가,서울특별시,용산구,쇼핑,기타쇼핑시설,"74,533",7
14,롯데시네마용산,서울특별시,용산구,문화관광,공연시설,"56,060",7
15,후암시장,서울특별시,용산구,쇼핑,시장,"50,053",7
16,백범김구기념관,서울특별시,용산구,문화관광,전시시설,"46,345",7
17,국립한글박물관,서울특별시,용산구,문화관광,전시시설,"44,534",7
18,롯데아울렛서울역점,서울특별시,용산구,쇼핑,쇼핑몰,"41,429",7
19,용산용문시장,서울특별시,용산구,쇼핑,시장,"34,484",7
20,국립중앙박물관어린이박물관,서울특별시,용산구,문화관광,전시시설,"28,169",7
11,국립국악원예악당,서울특별시,서초구,문화관광,공연시설,"74,578",8
12,한가람미술관,서울특별시,서초구,문화관광,전시시설,"71,857",8
13,예술의전당오페라하우스,서울특별시,서초구,문화관광,공연시설,"70,331",8
14,예술의전당콘서트홀,서울특별시,서초구,문화관광,공연시설,"48,404",8
15,반포종합운동장,서울특별시,서초구,문화관광,도시공원,"47,885",8
16,매헌윤봉길의사기념관,서울특별시,서초구,문화관광,전시시설,"44,847",8
17,서래마을,서울특별시,서초구,기타관광,기타관광,"42,258",8
18,양곡도매시장,서울특별시,서초구,쇼핑,시장,"40,669",8
19,양재근린공원,서울특별시,서초구,문화관광,도시공원,"39,453",8
20,예술의전당음악당,서울특별시,서초구,문화관광,공연시설,"31,444",8
11,LG아트센터서울,서울특별시,강서구,문화관광,공연시설,"115,669",9
12,국립항공박물관,서울특별시,강서구,문화관광,전시시설,"91,150",9
13,CGV등촌,서울특별시,강서구,문화관광,공연시설,"62,140",9
14,롯데시네마가양,서울특별시,강서구,문화관광,공연시설,"61,480",9
15,롯데시네마김포공항,서울특별시,강서구,문화관광,공연시설,"60,045",9
16,KBS아레나,서울특별시,강서구,문화관광,공연시설,"55,163",9
17,볏골공원,서울특별시,강서구,문화관광,도시공원,"47,593",9
18,메가박스마곡,서울특별시,강서구,문화관광,공연시설,"39,267",9
19,화곡본동시장,서울특별시,강서구,쇼핑,시장,"37,641",9
20,메가박스화곡,서울특별시,강서구,문화관광,공연시설,"36,250",9
11,동천실내스케이트장,서울특별시,노원구,레저스포츠,육상레저스포츠,"40,801",10
12,서울생활사박물관,서울특별시,노원구,문화관광,전시시설,"37,828",10
13,서울시립과학관,서울특별시,노원구,문화관광,전시시설,"34,652",10
14,서울온천,서울특별시,노원구,체험관광,웰니스관광,"31,363",10
15,공릉동도깨비시장,서울특별시,노원구,쇼핑,시장,"30,198",10
16,불암산나비정원,서울특별시,노원구,기타관광,기타관광,"29,459",10
17,CGV중계,서울특별시,노원구,문화관광,공연시설,"27,001",10
18,태릉실내빙상장,서울특별시,노원구,레저스포츠,육상레저스포츠,"25,610",10
19,상계중앙시장,서울특별시,노원구,쇼핑,시장,"22,058",10
20,와우쇼핑몰,서울특별시,노원구,쇼핑,쇼핑몰,"21,730",10
11,CGV미아,서울특별시,강북구,문화관광,공연시설,"20,851",11
12,북한산국립공원백운대탐방지원센터,서울특별시,강북구,기타관광,기타관광,"17,201",11
13,꿈의숲아트센터,서울특별시,강북구,문화관광,공연시설,"13,404",11
14,우이시장,서울특별시,강북구,쇼핑,시장,"13,060",11
15,장미원시장,서울특별시,강북구,쇼핑,시장,"9,205",11
16,삼양시장,서울특별시,강북구,쇼핑,시장,"9,097",11
17,보광사,서울특별시,강북구,역사관광,종교성지,"8,789",11
18,오동근린공원실내배드민턴장,서울특별시,강북구,레저스포츠,기타레저스포츠,"8,592",11
19,수유프라자,서울특별시,강북구,쇼핑,쇼핑몰,"6,854",11
20,수유중앙시장,서울특별시,강북구,쇼핑,시장,"6,592",11
11,SEA LIFE 부산아쿠아리움,부산광역시,해운대구,문화관광,테마공원,"90,651",12
12,영화의전당,부산광역시,해운대구,문화관광,공연시설,"88,919",12
13,NC백화점해운대점,부산광역시,해운대구,쇼핑,백화점,"84,082",12
14,더베이101,부산광역시,해운대구,문화관광,기타문화관광지,"65,348",12
15,동백섬,부산광역시,해운대구,자연관광,자연경관(하천/해양),"57,064",12
16,해운대달맞이길,부산광역시,해운대구,기타관광,데이트코스,"56,436",12
17,해운대수목원,부산광역시,해운대구,문화관광,테마공원,"46,126",12
18,해운대시외버스정류소,부산광역시,해운대구,기타관광,교통시설,"43,122",12
19,해운대블루라인파크송정정거장,부산광역시,해운대구,기타관광,기타관광,"40,901",12
20,청사포방파제,부산광역시,해운대구,자연관광,자연경관(하천/해양),"37,812",12
11,부산영화체험박물관,부산광역시,중구,문화관광,전시시설,"12,311",13
12,가톨릭센터,부산광역시,중구,문화관광,기타문화관광지,"11,891",13
13,와이즈파크광복점,부산광역시,중구,쇼핑,쇼핑몰,"10,044",13
14,부산근현대역사관별관,부산광역시,중구,문화관광,전시시설,"9,696",13
15,다이아몬드타워,부산광역시,중구,문화관광,랜드마크관광,"8,080",13
16,BIFF광장,부산광역시,중구,문화관광,테마공원,"7,076",13
17,메가박스부산극장본관,부산광역시,중구,문화관광,공연시설,"5,749",13
18,부산북항마리나,부산광역시,중구,문화관광,기타문화관광지,"5,274",13
19,북항마리나클럽하우스,부산광역시,중구,문화관광,기타문화관광지,"4,483",13
20,롯데시네마대영,부산광역시,중구,문화관광,공연시설,"3,863",13
11,영도봉래시장,부산광역시,영도구,쇼핑,시장,"8,430",14
12,청학배수지전망대,부산광역시,영도구,문화관광,랜드마크관광,"8,115",14
13,감지해변,부산광역시,영도구,자연관광,자연경관(하천/해양),"7,450",14
14,남해해양경찰수련원,부산광역시,영도구,레저스포츠,육상레저스포츠,"7,422",14
15,청학시장,부산광역시,영도구,쇼핑,시장,"7,122",14
16,하리선착장,부산광역시,영도구,기타관광,교통시설,"6,024",14
17,복천사,부산광역시,영도구,역사관광,종교성지,"5,754",14
18,아미르공원,부산광역시,영도구,문화관광,도시공원,"5,574",14
19,CGV드라이브인영도,부산광역시,영도구,문화관광,공연시설,"5,173",14
20,함지골청소년수련관,부산광역시,영도구,레저스포츠,육상레저스포츠,"4,847",14
11,동래시외버스정류소,부산광역시,동래구,기타관광,교통시설,"18,365",15
12,복천박물관,부산광역시,동래구,문화관광,전시시설,"17,427",15
13,롯데시네마동래,부산광역시,동래구,문화관광,공연시설,"15,459",15
14,동래아이스링크,부산광역시,동래구,레저스포츠,육상레저스포츠,"11,963",15
15,금강공원,부산광역시,동래구,문화관광,도시공원,"10,269",15
16,금강식물원,부산광역시,동래구,문화관광,테마공원,"8,774",15
17,우장춘기념관,부산광역시,동래구,문화관광,전시시설,"8,716",15
18,명장시장,부산광역시,동래구,쇼핑,시장,"5,278",15
19,동래사적공원,부산광역시,동래구,문화관광,도시공원,"5,103",15
20,금정상가시장,부산광역시,동래구,쇼핑,시장,"3,895",15
11,금련산청소년수련원,부산광역시,수영구,레저스포츠,육상레저스포츠,"13,766",16
12,망미중앙시장,부산광역시,수영구,쇼핑,시장,"7,671",16
13,민락어패류시장,부산광역시,수영구,쇼핑,시장,"7,294",16
14,민락골목시장,부산광역시,수영구,쇼핑,시장,"6,442",16
15,도모헌,부산광역시,수영구,문화관광,기타문화관광지,"6,256",16
16,옥련선원,부산광역시,수영구,역사관광,종교성지,"5,367",16
17,웨이브락클라이밍남천점,부산광역시,수영구,레저스포츠,기타레저스포츠,"4,810",16
18,정수사,부산광역시,수영구,역사관광,종교성지,"4,098",16
19,광안종합시장,부산광역시,수영구,쇼핑,시장,"3,687",16
20,광안리해양레포츠센터,부산광역시,수영구,레저스포츠,수상레저스포츠,"3,636",16
11,을숙도피크닉광장,부산광역시,사하구,문화관광,도시공원,"11,144",17
12,괴정시장,부산광역시,사하구,쇼핑,시장,"9,783",17
13,롯데시네마부산장림점,부산광역시,사하구,문화관광,공연시설,"9,544",17
14,에덴유원지,부산광역시,사하구,문화관광,도시공원,"9,330",17
15,다대포꿈의낙조분수,부산광역시,사하구,기타관광,기타관광,"9,096",17
16,아미산전망대,부산광역시,사하구,문화관광,랜드마크관광,"8,753",17
17,감천항,부산광역시,사하구,자연관광,자연경관(하천/해양),"8,283",17
18,장림포구,부산광역시,사하구,자연관광,자연경관(하천/해양),"8,058",17
19,CGV하단아트몰링,부산광역시,사하구,문화관광,공연시설,"7,953",17
20,감천항서방파제,부산광역시,사하구,자연관광,자연경관(하천/해양),"7,467",17
11,경상감영공원,대구광역시,중구,문화관광,도시공원,"35,358",18
12,대구콘서트하우스,대구광역시,중구,문화관광,공연시설,"33,426",18
13,동성로,대구광역시,중구,문화관광,테마공원,"28,373",18
14,CGV대구한일,대구광역시,중구,문화관광,공연시설,"28,253",18
15,대구역,대구광역시,중구,기타관광,교통시설,"16,872",18
16,국채보상운동기념공원,대구광역시,중구,문화관광,도시공원,"16,415",18
17,롯데시네마동성로,대구광역시,중구,문화관광,공연시설,"11,931",18
18,메트로프라자,대구광역시,중구,쇼핑,쇼핑몰,"11,894",18
19,대구향교,대구광역시,중구,역사관광,역사유적지,"11,880",18
20,대구예술발전소,대구광역시,중구,문화관광,전시시설,"10,481",18
11,대구스타디움보조경기장,대구광역시,수성구,문화관광,레저스포츠시설,"19,459",20
12,펀더랜드,대구광역시,수성구,문화관광,테마공원,"19,029",20
13,수성패밀리파크,대구광역시,수성구,문화관광,도시공원,"16,369",20
14,수성시장,대구광역시,수성구,쇼핑,시장,"15,960",20
15,목련시장,대구광역시,수성구,쇼핑,시장,"14,038",20
16,아르떼수성랜드,대구광역시,수성구,문화관광,테마공원,"12,607",20
17,신매시장,대구광역시,수성구,쇼핑,시장,"11,508",20
18,망우공원,대구광역시,수성구,문화관광,도시공원,"11,430",20
19,석가사,대구광역시,수성구,역사관광,종교성지,"9,974",20
20,청구시장,대구광역시,수성구,쇼핑,시장,"8,860",20
11,롯데시네마성서,대구광역시,달서구,문화관광,공연시설,"32,394",21
12,계명아트센터,대구광역시,달서구,문화관광,공연시설,"30,178",21
13,월배시장,대구광역시,달서구,쇼핑,시장,"29,408",21
14,83타워,대구광역시,달서구,문화관광,랜드마크관광,"25,081",21
15,롯데시네마상인,대구광역시,달서구,문화관광,공연시설,"24,199",21
16,수목원생활온천,대구광역시,달서구,체험관광,웰니스관광,"22,341",21
17,CGV대구죽전,대구광역시,달서구,문화관광,공연시설,"21,353",21
18,미성온천,대구광역시,달서구,체험관광,웰니스관광,"20,250",21
19,이곡장미공원,대구광역시,달서구,문화관광,도시공원,"19,017",21
20,달서구청소년수련관,대구광역시,달서구,레저스포츠,육상레저스포츠,"13,664",21
11,인천항연안여객터미널,인천광역시,중구,기타관광,교통시설,"156,771",22
12,영종도선착장,인천광역시,중구,기타관광,교통시설,"123,973",22
13,왕산해수욕장,인천광역시,중구,자연관광,자연경관(하천/해양),"116,697",22
14,무의도,인천광역시,중구,자연관광,자연경관(하천/해양),"85,059",22
15,오렌지듄스영종골프클럽,인천광역시,중구,레저스포츠,육상레저스포츠,"84,925",22
16,마시안해변,인천광역시,중구,자연관광,자연경관(하천/해양),"79,743",22
17,선녀바위해수욕장,인천광역시,중구,자연관광,자연경관(하천/해양),"78,932",22
18,클럽72CC하늘코스,인천광역시,중구,레저스포츠,육상레저스포츠,"73,176",22
19,인스파이어아레나,인천광역시,중구,문화관광,공연시설,"71,287",22
20,영종도구읍뱃터관광어시장,인천광역시,중구,쇼핑,시장,"68,298",22
11,잭니클라우스GC코리아,인천광역시,연수구,레저스포츠,육상레저스포츠,"90,391",23
12,선학국제빙상경기장,인천광역시,연수구,레저스포츠,육상레저스포츠,"81,432",23
13,CGV송도타임스페이스,인천광역시,연수구,문화관광,공연시설,"80,100",23
14,케이슨24,인천광역시,연수구,문화관광,기타문화관광지,"79,510",23
15,송도달빛축제공원,인천광역시,연수구,문화관광,도시공원,"77,285",23
16,인천항국제여객터미널,인천광역시,연수구,기타관광,교통시설,"74,448",23
17,아트센터인천,인천광역시,연수구,문화관광,공연시설,"66,112",23
18,메가박스송도,인천광역시,연수구,문화관광,공연시설,"60,238",23
19,옥련시장,인천광역시,연수구,쇼핑,시장,"51,701",23
20,솔찬공원,인천광역시,연수구,문화관광,도시공원,"48,975",23
11,만수시장,인천광역시,남동구,쇼핑,시장,"38,989",24
12,소래습지생태공원,인천광역시,남동구,문화관광,도시공원,"33,043",24
13,인천승마공원,인천광역시,남동구,레저스포츠,육상레저스포츠,"31,915",24
14,인천청소년수련관,인천광역시,남동구,레저스포츠,육상레저스포츠,"31,083",24
15,뉴코아아울렛인천논현점,인천광역시,남동구,쇼핑,대형마트,"28,219",24
16,늘솔길공원양떼목장,인천광역시,남동구,체험관광,농/산/어촌체험,"24,231",24
17,메가박스인천논현,인천광역시,남동구,문화관광,공연시설,"22,852",24
18,약사사,인천광역시,남동구,역사관광,종교성지,"22,666",24
19,모래내종합시장,인천광역시,남동구,쇼핑,시장,"15,857",24
20,인천대공원어린이동물원,인천광역시,남동구,문화관광,테마공원,"13,956",24
11,신성쇼핑타워,인천광역시,미추홀구,쇼핑,쇼핑몰,"57,464",25
12,용화선원,인천광역시,미추홀구,역사관광,종교성지,"57,365",25
13,CGV주안역,인천광역시,미추홀구,문화관광,공연시설,"48,544",25
14,수봉공원,인천광역시,미추홀구,문화관광,도시공원,"39,023",25
15,CGV인천학익,인천광역시,미추홀구,문화관광,공연시설,"27,791",25
16,시티필드,인천광역시,미추홀구,쇼핑,쇼핑몰,"27,699",25
17,롯데시네마인천터미널,인천광역시,미추홀구,문화관광,공연시설,"24,647",25
18,CGV인천시민공원,인천광역시,미추홀구,문화관광,공연시설,"23,416",25
19,제일시장,인천광역시,미추홀구,쇼핑,시장,"20,810",25
20,풍림하나로쇼핑센터,인천광역시,미추홀구,쇼핑,쇼핑몰,"20,785",25
11,계양산장미원,인천광역시,계양구,문화관광,도시공원,"20,477",26
12,서운체육공원,인천광역시,계양구,문화관광,도시공원,"17,210",26
13,임학공원,인천광역시,계양구,문화관광,도시공원,"16,110",26
14,계양아시아드양궁장,인천광역시,계양구,레저스포츠,육상레저스포츠,"13,880",26
15,계양꽃마루,인천광역시,계양구,문화관광,도시공원,"11,373",26
16,점핑파크인천계양점,인천광역시,계양구,문화관광,테마공원,"10,894",26
17,계양산성박물관,인천광역시,계양구,문화관광,전시시설,"10,875",26
18,계양유소년축구전용구장,인천광역시,계양구,문화관광,레저스포츠시설,"10,352",26
19,계양청소년수련관,인천광역시,계양구,레저스포츠,육상레저스포츠,"9,530",26
20,경인아라뱃길아라마루,인천광역시,계양구,기타관광,기타관광,"9,283",26
11,충장로,광주광역시,동구,문화관광,테마공원,"11,070",27
12,구시청사거리,광주광역시,동구,기타관광,기타관광,"9,873",27
13,CGV광주충장로,광주광역시,동구,문화관광,공연시설,"8,117",27
14,롯데시네마광주,광주광역시,동구,문화관광,공연시설,"6,700",27
15,충장로상점가,광주광역시,동구,쇼핑,시장,"6,328",27
16,5.18민주화운동기록관,광주광역시,동구,문화관광,전시시설,"6,315",27
17,지산유원지,광주광역시,동구,문화관광,복합관광시설,"6,257",27
18,용산생활체육공원,광주광역시,동구,문화관광,도시공원,"5,709",27
19,무등산리프트모노레일,광주광역시,동구,기타관광,기타관광,"5,244",27
20,광주극장,광주광역시,동구,문화관광,공연시설,"5,179",27
11,CGV광주상무,광주광역시,서구,문화관광,공연시설,"48,191",28
12,상무시민공원,광주광역시,서구,문화관광,도시공원,"45,968",28
13,광주월드컵경기장,광주광역시,서구,문화관광,레저스포츠시설,"38,435",28
14,메가박스광주상무본관,광주광역시,서구,문화관광,공연시설,"34,911",28
15,CGV광주터미널,광주광역시,서구,문화관광,공연시설,"30,913",28
16,풍암호수공원,광주광역시,서구,문화관광,도시공원,"27,337",28
17,운천저수지,광주광역시,서구,자연관광,자연경관(하천/해양),"23,834",28
18,518기념문화센터,광주광역시,서구,문화관광,전시시설,"23,614",28
19,서광주역,광주광역시,서구,기타관광,교통시설,"23,317",28
20,풍암저수지,광주광역시,서구,자연관광,자연경관(하천/해양),"18,259",28
11,빛고을농촌테마공원,광주광역시,남구,문화관광,테마공원,"9,998",29
12,포충사,광주광역시,남구,역사관광,역사유적지,"9,862",29
13,봉선시장,광주광역시,남구,쇼핑,시장,"7,918",29
14,쥬키아이스파크,광주광역시,남구,문화관광,테마공원,"5,609",29
15,광주국제양궁장,광주광역시,남구,레저스포츠,육상레저스포츠,"5,444",29
16,we휘트니스,광주광역시,남구,레저스포츠,기타레저스포츠,"4,318",29
17,유안근린공원,광주광역시,남구,문화관광,도시공원,"4,226",29
18,영산강6경(승촌보)승촌보문화관,광주광역시,남구,기타관광,기타관광,"4,015",29
19,골프존파크주월금당산점,광주광역시,남구,레저스포츠,육상레저스포츠,"3,414",29
20,광주향교,광주광역시,남구,역사관광,역사유적지,"3,361",29
11,CGV광주용봉,광주광역시,북구,문화관광,공연시설,"22,290",30
12,광주호호수생태원,광주광역시,북구,문화관광,도시공원,"22,283",30
13,우치공원동물원,광주광역시,북구,문화관광,테마공원,"19,304",30
14,광주디자인진흥원,광주광역시,북구,문화관광,전시시설,"17,979",30
15,광주시립미술관,광주광역시,북구,문화관광,전시시설,"17,542",30
16,메가박스전대,광주광역시,북구,문화관광,공연시설,"17,028",30
17,원효사,광주광역시,북구,역사관광,종교성지,"16,832",30
18,우치공원,광주광역시,북구,문화관광,도시공원,"15,949",30
19,운암시장,광주광역시,북구,쇼핑,시장,"15,409",30
20,어린이교통공원,광주광역시,북구,문화관광,도시공원,"14,731",30
11,CGV대전,대전광역시,중구,문화관광,공연시설,"27,392",31
12,메가박스대전중앙로,대전광역시,중구,문화관광,공연시설,"20,426",31
13,뉴삼부프라자,대전광역시,중구,쇼핑,쇼핑몰,"16,674",31
14,대전근현대사전시관,대전광역시,중구,문화관광,전시시설,"15,837",31
15,사정공원,대전광역시,중구,문화관광,도시공원,"13,701",31
16,으능정이문화거리,대전광역시,중구,문화관광,테마공원,"13,247",31
17,대전서남부터미널,대전광역시,중구,기타관광,교통시설,"12,814",31
18,보문산전망대공사중(2025년 준공예정),대전광역시,중구,문화관광,랜드마크관광,"11,165",31
19,대전예술가의집,대전광역시,중구,문화관광,기타문화관광지,"10,703",31
20,태평시장,대전광역시,중구,쇼핑,시장,"10,355",31
11,CGV대전탄방,대전광역시,서구,문화관광,공연시설,"35,463",32
12,CGV대전가수원,대전광역시,서구,문화관광,공연시설,"34,362",32
13,롯데시네마대전센트럴,대전광역시,서구,문화관광,공연시설,"33,316",32
14,대전청사시외버스터미널,대전광역시,서구,기타관광,교통시설,"26,760",32
15,대전시립미술관,대전광역시,서구,문화관광,전시시설,"26,567",32
16,롯데시네마대전둔산,대전광역시,서구,문화관광,공연시설,"25,242",32
17,대전시립연정국악원,대전광역시,서구,문화관광,공연시설,"21,250",32
18,남선공원,대전광역시,서구,문화관광,도시공원,"19,993",32
19,둔산선사유적지,대전광역시,서구,역사관광,역사유적지,"19,049",32
20,메가박스대전,대전광역시,서구,문화관광,공연시설,"14,331",32
11,대전신세계Art&Science,대전광역시,유성구,쇼핑,백화점,"89,544",33
12,대전컨벤션센터제2전시장,대전광역시,유성구,문화관광,전시시설,"81,256",33
13,유성시외버스정류소,대전광역시,유성구,기타관광,교통시설,"78,310",33
14,유성금호고속버스터미널,대전광역시,유성구,기타관광,교통시설,"73,462",33
15,자운대체력단련장,대전광역시,유성구,레저스포츠,육상레저스포츠,"46,708",33
16,한미르대덕CC,대전광역시,유성구,레저스포츠,육상레저스포츠,"38,341",33
17,엑스포과학공원,대전광역시,유성구,문화관광,도시공원,"36,218",33
18,유림공원,대전광역시,유성구,문화관광,도시공원,"28,399",33
19,유성CC,대전광역시,유성구,레저스포츠,육상레저스포츠,"28,320",33
20,사이언스대덕골프장,대전광역시,유성구,레저스포츠,육상레저스포츠,"28,212",33
11,대청댐물문화관,대전광역시,대덕구,문화관광,전시시설,"10,954",34
12,을미기공원,대전광역시,대덕구,문화관광,도시공원,"6,288",34
13,덕암축구센터,대전광역시,대덕구,문화관광,레저스포츠시설,"5,765",34
14,신탄진시장,대전광역시,대덕구,쇼핑,시장,"4,923",34
15,계족산,대전광역시,대덕구,자연관광,자연경관(산),"4,615",34
16,법동시장,대전광역시,대덕구,쇼핑,시장,"4,287",34
17,을미기공원축구장,대전광역시,대덕구,문화관광,레저스포츠시설,"4,256",34
18,금강로하스산호빛공원,대전광역시,대덕구,문화관광,도시공원,"4,253",34
19,회덕역,대전광역시,대덕구,기타관광,교통시설,"3,868",34
20,바우풋살클럽,대전광역시,대덕구,레저스포츠,기타레저스포츠,"3,794",34
11,캐니언파크울산점,울산광역시,중구,문화관광,테마공원,"7,515",35
12,울산혁신도시복합혁신센터,울산광역시,중구,문화관광,기타문화관광지,"7,435",35
13,울산중앙시장,울산광역시,중구,쇼핑,시장,"7,388",35
14,울산경상좌도병영성,울산광역시,중구,역사관광,역사유적지,"7,341",35
15,울산종합운동장보조경기장,울산광역시,중구,문화관광,레저스포츠시설,"6,799",35
16,함월루,울산광역시,중구,문화관광,랜드마크관광,"6,587",35
17,뉴코아팩토리아울렛울산성남점,울산광역시,중구,쇼핑,대형마트,"6,481",35
18,공룡발자국공원,울산광역시,중구,문화관광,도시공원,"6,360",35
19,울산향교,울산광역시,중구,역사관광,역사유적지,"6,111",35
20,외솔기념관,울산광역시,중구,문화관광,전시시설,"5,888",35
11,장생포고래문화마을,울산광역시,남구,기타관광,기타관광,"42,358",36
12,신정시장,울산광역시,남구,쇼핑,시장,"42,159",36
13,공업탑,울산광역시,남구,역사관광,역사유물,"41,133",36
14,현대백화점울산점별관,울산광역시,남구,쇼핑,백화점,"37,687",36
15,CGV울산삼산,울산광역시,남구,문화관광,공연시설,"36,218",36
16,울산과학관,울산광역시,남구,문화관광,전시시설,"34,676",36
17,선암호수공원,울산광역시,남구,문화관광,도시공원,"34,349",36
18,뉴코아아울렛울산점,울산광역시,남구,쇼핑,대형마트,"32,146",36
19,울산고속버스터미널,울산광역시,남구,기타관광,교통시설,"29,214",36
20,수암상가시장,울산광역시,남구,쇼핑,시장,"21,979",36
11,꽃바위시내버스종점,울산광역시,동구,기타관광,교통시설,"10,116",37
12,동울산종합시장,울산광역시,동구,쇼핑,시장,"8,357",37
13,울기등대,울산광역시,동구,문화관광,랜드마크관광,"8,216",37
14,울산항염포부두,울산광역시,동구,자연관광,자연경관(하천/해양),"7,959",37
15,대송농수산물시장,울산광역시,동구,쇼핑,시장,"6,851",37
16,남목마성시장,울산광역시,동구,쇼핑,시장,"6,062",37
17,쇠평어린이공원,울산광역시,동구,문화관광,도시공원,"5,959",37
18,일산수산물판매센터,울산광역시,동구,쇼핑,시장,"5,948",37
19,월봉시장,울산광역시,동구,쇼핑,시장,"4,235",37
20,해동용궁사,울산광역시,동구,역사관광,종교성지,"3,859",37
11,송정박상진호수공원,울산광역시,북구,문화관광,도시공원,"20,364",38
12,강동몽돌해변,울산광역시,북구,자연관광,자연경관(하천/해양),"18,956",38
13,CGV울산신천,울산광역시,북구,문화관광,공연시설,"14,750",38
14,호계역폐역,울산광역시,북구,기타관광,교통시설,"14,551",38
15,호계시장,울산광역시,북구,쇼핑,시장,"14,012",38
16,당사해양낚시공원,울산광역시,북구,문화관광,도시공원,"11,371",38
17,편백산림욕장,울산광역시,북구,자연관광,자연공원,"10,923",38
18,울산안전체험관,울산광역시,북구,문화관광,기타문화관광지,"9,522",38
19,화봉종합시장,울산광역시,북구,쇼핑,시장,"9,056",38
20,효문운동장,울산광역시,북구,문화관광,레저스포츠시설,"9,022",38
11,메가마트언양점,울산광역시,울주군,쇼핑,대형마트,"43,715",39
12,남창옹기종기시장,울산광역시,울주군,쇼핑,시장,"41,148",39
13,덕하시장(오일장),울산광역시,울주군,쇼핑,시장,"39,272",39
14,덕신소공원,울산광역시,울주군,문화관광,도시공원,"35,027",39
15,언양임시시외버스터미널,울산광역시,울주군,기타관광,교통시설,"29,738",39
16,영남알프스복합웰컴센터,울산광역시,울주군,문화관광,기타문화관광지,"29,604",39
17,남창역,울산광역시,울주군,기타관광,교통시설,"27,870",39
18,작천정계곡,울산광역시,울주군,자연관광,자연경관(산),"26,342",39
19,간절곶소망우체통,울산광역시,울주군,기타관광,기타관광,"24,155",39
20,명선도,울산광역시,울주군,자연관광,자연경관(하천/해양),"22,321",39
11,프리스틴밸리GC,경기도,가평군,레저스포츠,육상레저스포츠,"87,930",40
12,쁘띠프랑스,경기도,가평군,문화관광,복합관광시설,"86,618",40
13,크리스탈밸리CC,경기도,가평군,레저스포츠,육상레저스포츠,"80,878",40
14,유명산자연휴양림,경기도,가평군,자연관광,자연공원,"76,654",40
15,리앤리CC,경기도,가평군,레저스포츠,육상레저스포츠,"76,508",40
16,현리시외버스터미널,경기도,가평군,기타관광,교통시설,"55,126",40
17,마이다스밸리청평 골프클럽,경기도,가평군,레저스포츠,육상레저스포츠,"54,882",40
18,아침고요가족동물원,경기도,가평군,문화관광,테마공원,"44,150",40
19,경기도잣향기푸른숲,경기도,가평군,자연관광,자연공원,"41,038",40
20,가평시외버스터미널,경기도,가평군,기타관광,교통시설,"35,395",40
1,갤러리아백화점광교점,경기도,수원시 영통구,쇼핑,백화점,"773,693",41
2,광교호수공원,경기도,수원시 영통구,문화관광,도시공원,"389,829",41
3,롯데몰광교점,경기도,수원시 영통구,쇼핑,쇼핑몰,"294,053",41
4,수원컨벤션센터,경기도,수원시 영통구,문화관광,전시시설,"260,881",41
5,아브뉴프랑광교,경기도,수원시 영통구,쇼핑,쇼핑몰,"224,940",41
6,앨리웨이광교,경기도,수원시 영통구,쇼핑,쇼핑몰,"186,436",41
7,태광CC,경기도,수원시 영통구,레저스포츠,육상레저스포츠,"94,003",41
8,아쿠아플라넷광교,경기도,수원시 영통구,문화관광,테마공원,"68,438",41
9,영흥수목원,경기도,수원시 영통구,자연관광,자연공원,"62,795",41
10,CGV광교,경기도,수원시 영통구,문화관광,공연시설,"60,297",41
1,신세계백화점사우스시티점,경기도,용인시 수지구,쇼핑,백화점,"832,038",42
2,롯데몰수지점,경기도,용인시 수지구,쇼핑,쇼핑몰,"523,458",42
3,포은아트홀,경기도,용인시 수지구,문화관광,공연시설,"49,396",42
4,수지체육공원,경기도,용인시 수지구,문화관광,도시공원,"35,143",42
5,CGV광교상현,경기도,용인시 수지구,문화관광,공연시설,"23,603",42
6,롯데시네마수지,경기도,용인시 수지구,문화관광,공연시설,"23,491",42
7,심곡서원,경기도,용인시 수지구,역사관광,역사유적지,"21,725",42
8,동천자연식물원,경기도,용인시 수지구,문화관광,테마공원,"16,234",42
9,상현레스피아,경기도,용인시 수지구,문화관광,도시공원,"15,702",42
10,고기리계곡,경기도,용인시 수지구,자연관광,자연경관(산),"13,632",42
1,세이브존성남점,경기도,성남시 수정구,쇼핑,대형마트,"123,029",43
2,파미어스몰,경기도,성남시 수정구,쇼핑,쇼핑몰,"118,918",43
3,성남중앙공설시장,경기도,성남시 수정구,쇼핑,시장,"101,521",43
4,롯데시네마판교,경기도,성남시 수정구,문화관광,공연시설,"79,401",43
5,롯데시네마위례,경기도,성남시 수정구,문화관광,공연시설,"69,535",43
6,롯데시네마성남중앙,경기도,성남시 수정구,문화관광,공연시설,"68,054",43
7,성남공군체력단련장,경기도,성남시 수정구,레저스포츠,육상레저스포츠,"67,973",43
8,신구대학교식물원,경기도,성남시 수정구,문화관광,테마공원,"32,496",43
9,성남아트리움,경기도,성남시 수정구,문화관광,기타문화관광지,"25,526",43
10,봉국사,경기도,성남시 수정구,역사관광,종교성지,"24,704",43
11,타임테라스,경기도,화성시,쇼핑,쇼핑몰,"131,994",44
12,화성상록GC,경기도,화성시,레저스포츠,육상레저스포츠,"123,109",44
13,전곡항,경기도,화성시,자연관광,자연경관(하천/해양),"120,696",44
14,발리오스CC,경기도,화성시,레저스포츠,육상레저스포츠,"119,475",44
15,롯데시네마병점,경기도,화성시,문화관광,공연시설,"109,998",44
16,서해랑제부도해상케이블카전곡정류장,경기도,화성시,기타관광,기타관광,"99,628",44
17,궁평항수산물직판장,경기도,화성시,쇼핑,시장,"93,804",44
18,동탄그랑파사쥬,경기도,화성시,쇼핑,쇼핑몰,"90,027",44
19,남수원CC,경기도,화성시,레저스포츠,육상레저스포츠,"88,700",44
20,동탄센트럴파크,경기도,화성시,문화관광,도시공원,"88,382",44
1,안산버스터미널,경기도,안산시 상록구,기타관광,교통시설,"198,670",45
2,안산농수산물도매시장,경기도,안산시 상록구,쇼핑,시장,"150,543",45
3,제일CC,경기도,안산시 상록구,레저스포츠,육상레저스포츠,"121,736",45
4,안산호수공원,경기도,안산시 상록구,문화관광,도시공원,"110,574",45
5,안산식물원,경기도,안산시 상록구,문화관광,테마공원,"56,250",45
6,광덕종합시장,경기도,안산시 상록구,쇼핑,시장,"39,877",45
7,노적봉공원,경기도,안산시 상록구,문화관광,도시공원,"30,694",45
8,안산갈대습지공원,경기도,안산시 상록구,문화관광,도시공원,"23,260",45
9,롯데시네마안산,경기도,안산시 상록구,문화관광,공연시설,"19,060",45
10,안산제2종합시장,경기도,안산시 상록구,쇼핑,시장,"14,383",45
1,일산호수공원,경기도,고양시 일산동구,문화관광,도시공원,"576,634",46
2,라페스타,경기도,고양시 일산동구,쇼핑,쇼핑몰,"337,129",46
3,벨라시타,경기도,고양시 일산동구,쇼핑,쇼핑몰,"301,169",46
4,롯데백화점일산점,경기도,고양시 일산동구,쇼핑,백화점,"301,040",46
5,뉴코아아울렛일산점,경기도,고양시 일산동구,쇼핑,대형마트,"240,667",46
6,고양종합터미널,경기도,고양시 일산동구,기타관광,교통시설,"132,677",46
7,CGV일산,경기도,고양시 일산동구,문화관광,공연시설,"91,017",46
8,고양아람누리,경기도,고양시 일산동구,문화관광,공연시설,"88,250",46
9,롯데아울렛고양터미널점,경기도,고양시 일산동구,쇼핑,쇼핑몰,"75,170",46
10,롯데시네마라페스타,경기도,고양시 일산동구,문화관광,공연시설,"59,339",46
11,H1CLUB,경기도,이천시,레저스포츠,육상레저스포츠,"89,087",47
12,사우스스프링스CC,경기도,이천시,레저스포츠,육상레저스포츠,"82,221",47
13,마이다스레이크이천 골프앤리조트,경기도,이천시,레저스포츠,육상레저스포츠,"64,792",47
14,비승대체력단련장,경기도,이천시,레저스포츠,육상레저스포츠,"62,853",47
15,CGV이천,경기도,이천시,문화관광,공연시설,"62,515",47
16,이천설봉온천랜드,경기도,이천시,체험관광,웰니스관광,"54,521",47
17,예스파크,경기도,이천시,문화관광,복합관광시설,"50,105",47
18,웰링턴CC,경기도,이천시,레저스포츠,육상레저스포츠,"47,074",47
19,더반GC,경기도,이천시,레저스포츠,육상레저스포츠,"39,699",47
20,장호원버스터미널,경기도,이천시,기타관광,교통시설,"39,191",47
11,프로방스,경기도,파주시,기타관광,기타관광,"137,859",48
12,서서울CC,경기도,파주시,레저스포츠,육상레저스포츠,"125,619",48
13,서원밸리CC,경기도,파주시,레저스포츠,육상레저스포츠,"99,153",48
14,운정역,경기도,파주시,기타관광,교통시설,"98,004",48
15,운정호수공원,경기도,파주시,문화관광,도시공원,"90,886",48
16,오두산통일전망대,경기도,파주시,문화관광,랜드마크관광,"86,904",48
17,벽초지수목원,경기도,파주시,문화관광,테마공원,"85,075",48
18,CGV파주야당,경기도,파주시,문화관광,공연시설,"84,700",48
19,보광사,경기도,파주시,역사관광,종교성지,"81,937",48
20,파주놀이구름,경기도,파주시,문화관광,테마공원,"79,765",48
11,한국만화박물관,경기도,부천시,문화관광,전시시설,"78,427",49
12,롯데시네마부천,경기도,부천시,문화관광,공연시설,"48,398",49
13,아인스월드(폐업),경기도,부천시,문화관광,테마공원,"46,534",49
14,상동시장,경기도,부천시,쇼핑,시장,"34,978",49
15,중동사랑시장,경기도,부천시,쇼핑,시장,"34,434",49
16,부천축산물공판장,경기도,부천시,쇼핑,시장,"33,082",49
17,남부수자원생태공원,경기도,부천시,문화관광,도시공원,"32,767",49
18,플레이아쿠아리움부천,경기도,부천시,문화관광,테마공원,"32,044",49
19,강남종합시장,경기도,부천시,쇼핑,시장,"30,958",49
20,도당공원,경기도,부천시,문화관광,도시공원,"30,707",49
11,라비에벨CC올드코스,강원특별자치도,춘천시,레저스포츠,육상레저스포츠,"82,051",50
12,소양강스카이워크,강원특별자치도,춘천시,문화관광,랜드마크관광,"77,787",50
13,남춘천CC,강원특별자치도,춘천시,레저스포츠,육상레저스포츠,"73,101",50
14,오너스GC,강원특별자치도,춘천시,레저스포츠,육상레저스포츠,"73,055",50
15,제이드가든,강원특별자치도,춘천시,문화관광,테마공원,"65,321",50
16,라데나GC,강원특별자치도,춘천시,레저스포츠,육상레저스포츠,"65,170",50
17,강촌레일파크김유정역,강원특별자치도,춘천시,레저스포츠,기타레저스포츠,"64,940",50
18,베어크리크 춘천,강원특별자치도,춘천시,레저스포츠,육상레저스포츠,"60,504",50
19,애니메이션박물관,강원특별자치도,춘천시,문화관광,전시시설,"55,154",50
20,국립춘천박물관본관,강원특별자치도,춘천시,문화관광,전시시설,"48,496",50
11,척산온천장,강원특별자치도,속초시,체험관광,웰니스관광,"56,896",51
12,외옹치항,강원특별자치도,속초시,자연관광,자연경관(하천/해양),"53,901",51
13,척산온천휴양촌,강원특별자치도,속초시,체험관광,웰니스관광,"53,261",51
14,설악산소공원,강원특별자치도,속초시,문화관광,도시공원,"49,625",51
15,외옹치바다향기로,강원특별자치도,속초시,레저스포츠,기타레저스포츠,"46,495",51
16,영랑호수윗길,강원특별자치도,속초시,기타관광,기타관광,"45,140",51
17,속초항,강원특별자치도,속초시,자연관광,자연경관(하천/해양),"44,860",51
18,대포항수산시장,강원특별자치도,속초시,쇼핑,시장,"44,353",51
19,외옹치해변,강원특별자치도,속초시,자연관광,자연경관(하천/해양),"42,389",51
20,등대해변,강원특별자치도,속초시,자연관광,자연경관(하천/해양),"40,241",51
11,하슬라아트월드,강원특별자치도,강릉시,문화관광,복합관광시설,"101,162",52
12,강문해변,강원특별자치도,강릉시,자연관광,자연경관(하천/해양),"98,704",52
13,정동진,강원특별자치도,강릉시,문화관광,복합관광시설,"96,139",52
14,주문진해변,강원특별자치도,강릉시,자연관광,자연경관(하천/해양),"72,941",52
15,사근진해변,강원특별자치도,강릉시,자연관광,자연경관(하천/해양),"65,513",52
16,정동심곡바다부채길,강원특별자치도,강릉시,레저스포츠,기타레저스포츠,"59,624",52
17,송정해변,강원특별자치도,강릉시,자연관광,자연경관(하천/해양),"58,886",52
18,정동진역,강원특별자치도,강릉시,기타관광,교통시설,"58,077",52
19,강릉항,강원특별자치도,강릉시,자연관광,자연경관(하천/해양),"54,208",52
20,오죽헌,강원특별자치도,강릉시,역사관광,역사유적지,"53,496",52
11,구룡사,강원특별자치도,원주시,역사관광,종교성지,"61,620",53
12,오크힐스CC,강원특별자치도,원주시,레저스포츠,육상레저스포츠,"52,830",53
13,롯데시네마원주무실,강원특별자치도,원주시,문화관광,공연시설,"48,825",53
14,파크밸리GC,강원특별자치도,원주시,레저스포츠,육상레저스포츠,"45,924",53
15,오크밸리리조트빌리지센터,강원특별자치도,원주시,문화관광,복합관광시설,"45,660",53
16,월송리CC,강원특별자치도,원주시,레저스포츠,육상레저스포츠,"44,882",53
17,소금산그랜드밸리,강원특별자치도,원주시,기타관광,기타관광,"42,052",53
18,간현관광지,강원특별자치도,원주시,문화관광,복합관광시설,"41,588",53
19,성문안CC,강원특별자치도,원주시,레저스포츠,육상레저스포츠,"40,120",53
20,메가박스원주혁신,강원특별자치도,원주시,문화관광,공연시설,"38,939",53
11,오색약수터,강원특별자치도,양양군,자연관광,자연경관(산),"50,974",54
12,죽도해변,강원특별자치도,양양군,자연관광,자연경관(하천/해양),"49,602",54
13,양양종합여객터미널,강원특별자치도,양양군,기타관광,교통시설,"43,609",54
14,동호해변,강원특별자치도,양양군,자연관광,자연경관(하천/해양),"35,349",54
15,수산항,강원특별자치도,양양군,자연관광,자연경관(하천/해양),"34,645",54
16,정암해변,강원특별자치도,양양군,자연관광,자연경관(하천/해양),"34,582",54
17,남애항,강원특별자치도,양양군,자연관광,자연경관(하천/해양),"31,780",54
18,의상대,강원특별자치도,양양군,역사관광,역사유적지,"29,771",54
19,양양국제공항,강원특별자치도,양양군,기타관광,교통시설,"28,583",54
20,설악해변,강원특별자치도,양양군,자연관광,자연경관(하천/해양),"27,504",54
1,오송역,충청북도,청주시 흥덕구,기타관광,교통시설,"1,304,469",55
2,청주시외버스터미널,충청북도,청주시 흥덕구,기타관광,교통시설,"461,349",55
3,현대백화점충청점,충청북도,청주시 흥덕구,쇼핑,백화점,"288,194",55
4,롯데아울렛청주점,충청북도,청주시 흥덕구,쇼핑,쇼핑몰,"200,901",55
5,떼제베CC,충청북도,청주시 흥덕구,레저스포츠,육상레저스포츠,"163,476",55
6,청주고속버스임시터미널,충청북도,청주시 흥덕구,기타관광,교통시설,"113,245",55
7,문암생태공원,충청북도,청주시 흥덕구,문화관광,도시공원,"75,699",55
8,현대백화점 유플렉스충청점,충청북도,청주시 흥덕구,쇼핑,백화점,"70,256",55
9,청주시농수산물도매시장,충청북도,청주시 흥덕구,쇼핑,시장,"69,686",55
10,NC백화점청주점,충청북도,청주시 흥덕구,쇼핑,백화점,"69,657",55
11,동촌GC,충청북도,충주시,레저스포츠,육상레저스포츠,"79,207",56
12,중앙탑공원,충청북도,충주시,문화관광,도시공원,"69,421",56
13,스타CC,충청북도,충주시,레저스포츠,육상레저스포츠,"65,283",56
14,중원GC,충청북도,충주시,레저스포츠,육상레저스포츠,"64,962",56
15,킹스데일골프클럽,충청북도,충주시,레저스포츠,육상레저스포츠,"60,586",56
16,일레븐CC,충청북도,충주시,레저스포츠,육상레저스포츠,"58,830",56
17,세일CC,충청북도,충주시,레저스포츠,육상레저스포츠,"45,452",56
18,수안보온천랜드,충청북도,충주시,체험관광,웰니스관광,"44,924",56
19,무학시장,충청북도,충주시,쇼핑,시장,"43,538",56
20,수주팔봉,충청북도,충주시,자연관광,자연경관(산),"28,858",56
11,제천축구센터,충청북도,제천시,문화관광,레저스포츠시설,"32,411",57
12,청풍문화유산단지,충청북도,제천시,문화관광,복합관광시설,"25,986",57
13,박달재자연휴양림,충청북도,제천시,자연관광,자연공원,"20,425",57
14,충주호크루즈청풍나루,충청북도,제천시,기타관광,교통시설,"19,115",57
15,포레스트리솜해브나인스파,충청북도,제천시,체험관광,웰니스관광,"18,770",57
16,정방사,충청북도,제천시,역사관광,종교성지,"14,423",57
17,송계계곡,충청북도,제천시,자연관광,자연경관(산),"13,967",57
18,에콜리안제천CC,충청북도,제천시,레저스포츠,육상레저스포츠,"13,241",57
19,비룡담저수지,충청북도,제천시,자연관광,자연경관(하천/해양),"13,080",57
20,청풍랜드,충청북도,제천시,레저스포츠,육상레저스포츠,"12,562",57
1,갤러리아백화점센터시티점,충청남도,천안시 서북구,쇼핑,백화점,"255,744",58
2,모다펜타포트,충청남도,천안시 서북구,쇼핑,쇼핑몰,"177,403",58
3,천안시농수산물도매시장,충청남도,천안시 서북구,쇼핑,시장,"115,010",58
4,천안축구센터,충청남도,천안시 서북구,문화관광,레저스포츠시설,"107,507",58
5,롯데시네마천안불당,충청남도,천안시 서북구,문화관광,공연시설,"57,913",58
6,CGV천안펜타포트,충청남도,천안시 서북구,문화관광,공연시설,"56,334",58
7,CGV천안시청,충청남도,천안시 서북구,문화관광,공연시설,"45,980",58
8,렛츠런CCC천안지점,충청남도,천안시 서북구,레저스포츠,육상레저스포츠,"40,139",58
9,메가박스천안,충청남도,천안시 서북구,문화관광,공연시설,"32,795",58
10,성성호수공원,충청남도,천안시 서북구,문화관광,도시공원,"32,565",58
11,유구색동수국정원,충청남도,공주시,문화관광,도시공원,"37,106",59
12,무령왕릉,충청남도,공주시,역사관광,역사유적지,"36,950",59
13,공주한옥마을,충청남도,공주시,역사관광,역사유적지,"35,607",59
14,신원사,충청남도,공주시,역사관광,종교성지,"34,661",59
15,유구시외버스터미널,충청남도,공주시,기타관광,교통시설,"27,891",59
16,나태주풀꽃문학관,충청남도,공주시,문화관광,전시시설,"24,245",59
17,석장리박물관,충청남도,공주시,문화관광,전시시설,"19,176",59
18,골드리버CC,충청남도,공주시,레저스포츠,육상레저스포츠,"18,544",59
19,메타세콰이어길,충청남도,공주시,기타관광,기타관광,"16,698",59
20,백제문화제(공주),충청남도,공주시,문화관광,기타문화관광지,"16,035",59
11,강경젓갈시장,충청남도,논산시,쇼핑,시장,"23,188",60
12,연무고속시외버스정류장,충청남도,논산시,기타관광,교통시설,"22,963",60
13,온빛자연휴양림,충청남도,논산시,자연관광,자연공원,"22,757",60
14,논산시민가족공원,충청남도,논산시,문화관광,도시공원,"19,880",60
15,더힐CC,충청남도,논산시,레저스포츠,육상레저스포츠,"17,519",60
16,논산딸기축제,충청남도,논산시,문화관광,기타문화관광지,"14,587",60
17,반야사,충청남도,논산시,역사관광,종교성지,"14,439",60
18,마음수련논산메인센터,충청남도,논산시,레저스포츠,육상레저스포츠,"14,158",60
19,딸기향농촌테마공원,충청남도,논산시,체험관광,농/산/어촌체험,"14,153",60
20,탑정호수변생태공원,충청남도,논산시,문화관광,도시공원,"13,071",60
11,서산공군체력단련장,충청남도,서산시,레저스포츠,육상레저스포츠,"26,150",61
12,삼길포어시장,충청남도,서산시,쇼핑,시장,"25,796",61
13,문수사,충청남도,서산시,역사관광,종교성지,"25,762",61
14,벌천포해수욕장,충청남도,서산시,자연관광,자연경관(하천/해양),"24,259",61
15,대산항,충청남도,서산시,자연관광,자연경관(하천/해양),"23,380",61
16,해미읍성사적116호,충청남도,서산시,역사관광,역사유적지,"21,961",61
17,서산버드랜드,충청남도,서산시,기타관광,기타관광,"20,479",61
18,CGV서산,충청남도,서산시,문화관광,공연시설,"19,802",61
19,롯데시네마서산,충청남도,서산시,문화관광,공연시설,"19,548",61
20,황금산,충청남도,서산시,자연관광,자연경관(산),"18,509",61
1,전주한옥마을,전북특별자치도,전주시 완산구,역사관광,역사유적지,"581,098",62
2,롯데백화점전주점,전북특별자치도,전주시 완산구,쇼핑,백화점,"178,739",62
3,남부시장,전북특별자치도,전주시 완산구,쇼핑,시장,"136,866",62
4,국립전주박물관,전북특별자치도,전주시 완산구,문화관광,전시시설,"53,892",62
5,완산생활체육공원,전북특별자치도,전주시 완산구,문화관광,도시공원,"30,516",62
6,CGV전주고사,전북특별자치도,전주시 완산구,문화관광,공연시설,"30,060",62
7,CGV전주효자,전북특별자치도,전주시 완산구,문화관광,공연시설,"28,021",62
8,세이브존전주코아점,전북특별자치도,전주시 완산구,쇼핑,대형마트,"26,127",62
9,신중앙시장,전북특별자치도,전주시 완산구,쇼핑,시장,"22,242",62
10,한국전통문화전당,전북특별자치도,전주시 완산구,문화관광,전시시설,"21,825",62
11,군산역,전북특별자치도,군산시,기타관광,교통시설,"59,508",63
12,초원사진관,전북특별자치도,군산시,문화관광,기타문화관광지,"39,590",63
13,군산시외버스터미널,전북특별자치도,군산시,기타관광,교통시설,"37,099",63
14,국립신시도자연휴양림,전북특별자치도,군산시,자연관광,자연공원,"31,033",63
15,금강하구둑,전북특별자치도,군산시,기타관광,기타관광,"30,383",63
16,군산공설시장,전북특별자치도,군산시,쇼핑,시장,"29,615",63
17,야미도선착장,전북특별자치도,군산시,기타관광,교통시설,"28,650",63
18,군산신흥동일본식가옥,전북특별자치도,군산시,역사관광,역사유적지,"27,655",63
19,대야전통5일시장,전북특별자치도,군산시,쇼핑,시장,"23,116",63
20,신시도선착장,전북특별자치도,군산시,기타관광,교통시설,"22,960",63
11,남원시립김병종미술관,전북특별자치도,남원시,문화관광,전시시설,"10,696",64
12,지리산국립공원뱀사골탐방안내소,전북특별자치도,남원시,기타관광,기타관광,"9,974",64
13,인월전통시장,전북특별자치도,남원시,쇼핑,시장,"9,936",64
14,남원종합스포츠타운,전북특별자치도,남원시,문화관광,도시공원,"7,995",64
15,아담원,전북특별자치도,남원시,문화관광,테마공원,"7,957",64
16,서도역,전북특별자치도,남원시,기타관광,교통시설,"6,257",64
17,서도역영상촬영장,전북특별자치도,남원시,문화관광,복합관광시설,"6,190",64
18,남원백두대간생태교육장전시관,전북특별자치도,남원시,기타관광,기타관광,"5,615",64
19,남원항공우주천문대,전북특별자치도,남원시,문화관광,랜드마크관광,"5,407",64
20,광한루,전북특별자치도,남원시,역사관광,역사유적지,"4,841",64
11,북부시장,전북특별자치도,익산시,쇼핑,시장,"26,071",65
12,서동공원,전북특별자치도,익산시,문화관광,도시공원,"24,757",65
13,배산체육공원,전북특별자치도,익산시,문화관광,도시공원,"21,626",65
14,익산시농수산물도매시장,전북특별자치도,익산시,쇼핑,시장,"21,013",65
15,익산교도소세트장,전북특별자치도,익산시,문화관광,기타문화관광지,"20,805",65
16,왕궁포레스트,전북특별자치도,익산시,문화관광,테마공원,"20,781",65
17,CGV익산,전북특별자치도,익산시,문화관광,공연시설,"18,164",65
18,익산천만송이국화축제,전북특별자치도,익산시,문화관광,기타문화관광지,"17,105",65
19,국립익산박물관,전북특별자치도,익산시,문화관광,전시시설,"13,196",65
20,웅포컨트리클럽,전북특별자치도,익산시,레저스포츠,육상레저스포츠,"11,432",65
11,순천아랫장,전라남도,순천시,쇼핑,시장,"47,242",66
12,순천오픈세트장,전라남도,순천시,기타관광,기타관광,"40,563",66
13,골프존카운티순천,전라남도,순천시,레저스포츠,육상레저스포츠,"35,750",66
14,조례호수공원,전라남도,순천시,문화관광,도시공원,"32,191",66
15,파인힐스CC,전라남도,순천시,레저스포츠,육상레저스포츠,"31,655",66
16,순천만국가정원오천그린광장,전라남도,순천시,문화관광,전시시설,"31,454",66
17,와온해변,전라남도,순천시,자연관광,자연경관(하천/해양),"29,934",66
18,순천시농산물도매시장,전라남도,순천시,쇼핑,시장,"28,229",66
19,웃장,전라남도,순천시,쇼핑,시장,"24,687",66
20,포라이즌,전라남도,순천시,레저스포츠,육상레저스포츠,"20,751",66
11,아르떼뮤지엄여수,전라남도,여수시,문화관광,전시시설,"54,623",67
12,대경도대합실,전라남도,여수시,자연관광,자연경관(하천/해양),"53,991",67
13,돌산공원,전라남도,여수시,문화관광,도시공원,"52,974",67
14,여천역,전라남도,여수시,기타관광,교통시설,"48,507",67
15,여수종합버스터미널,전라남도,여수시,기타관광,교통시설,"47,670",67
16,여수수산물특화시장,전라남도,여수시,쇼핑,시장,"47,337",67
17,여수연안여객선터미널,전라남도,여수시,기타관광,교통시설,"42,631",67
18,신기항여객터미널,전라남도,여수시,기타관광,교통시설,"40,693",67
19,진남관,전라남도,여수시,역사관광,역사유적지,"36,898",67
20,웅천친수공원,전라남도,여수시,문화관광,도시공원,"33,452",67
11,목포종합수산시장,전라남도,목포시,쇼핑,시장,"32,775",68
12,유달산공원,전라남도,목포시,문화관광,도시공원,"27,594",68
13,CGV목포평화광장,전라남도,목포시,문화관광,공연시설,"26,073",68
14,목포스카이워크,전라남도,목포시,기타관광,기타관광,"22,553",68
15,목포해상케이블카고하도승강장,전라남도,목포시,기타관광,기타관광,"22,506",68
16,목포국제축구센터,전라남도,목포시,문화관광,레저스포츠시설,"21,558",68
17,목포항,전라남도,목포시,자연관광,자연경관(하천/해양),"20,734",68
18,목포자연사박물관,전라남도,목포시,문화관광,전시시설,"20,365",68
19,고하도전망대,전라남도,목포시,문화관광,랜드마크관광,"19,381",68
20,삼학부두여객선터미널,전라남도,목포시,기타관광,교통시설,"19,379",68
11,빛가람호수공원,전라남도,나주시,문화관광,도시공원,"15,943",69
12,나주힐스CC,전라남도,나주시,레저스포츠,육상레저스포츠,"13,529",69
13,나주목사고을시장,전라남도,나주시,쇼핑,시장,"12,039",69
14,영산강둔치체육공원,전라남도,나주시,문화관광,도시공원,"11,956",69
15,드들강솔밭유원지,전라남도,나주시,문화관광,복합관광시설,"11,828",69
16,영산포풍물시장,전라남도,나주시,쇼핑,시장,"9,882",69
17,중흥골드스파리조트워터락,전라남도,나주시,체험관광,웰니스관광,"9,386",69
18,불회사,전라남도,나주시,역사관광,종교성지,"9,285",69
19,녹색한우조합공동사업법인,전라남도,나주시,쇼핑,시장,"9,270",69
20,키키카카,전라남도,나주시,문화관광,테마공원,"8,502",69
11,문무대왕릉,경상북도,경주시,역사관광,역사유적지,"157,960",70
12,경주중앙시장,경상북도,경주시,쇼핑,시장,"73,509",70
13,경주엑스포대공원,경상북도,경주시,문화관광,도시공원,"69,988",70
14,모다아울렛경주포항점,경상북도,경주시,쇼핑,쇼핑몰,"67,840",70
15,경북천년숲정원,경상북도,경주시,기타관광,기타관광,"62,225",70
16,경주CC,경상북도,경주시,레저스포츠,육상레저스포츠,"60,322",70
17,서라벌골프클럽,경상북도,경주시,레저스포츠,육상레저스포츠,"59,916",70
18,힐스카이CC,경상북도,경주시,레저스포츠,육상레저스포츠,"53,475",70
19,경주양남주상절리,경상북도,경주시,기타관광,기타관광,"50,355",70
20,강동워터파크,경상북도,경주시,문화관광,테마공원,"47,780",70
11,병산서원,경상북도,안동시,역사관광,역사유적지,"27,919",71
12,안동학가산온천,경상북도,안동시,체험관광,웰니스관광,"23,418",71
13,남안동CC,경상북도,안동시,레저스포츠,육상레저스포츠,"22,937",71
14,리버힐CC,경상북도,안동시,레저스포츠,육상레저스포츠,"22,404",71
15,금소생태공원,경상북도,안동시,문화관광,도시공원,"18,990",71
16,안동청과합자회사,경상북도,안동시,쇼핑,시장,"17,194",71
17,유교랜드,경상북도,안동시,레저스포츠,기타레저스포츠,"14,681",71
18,안동시농산물도매시장,경상북도,안동시,쇼핑,시장,"14,557",71
19,안동레이크GC,경상북도,안동시,레저스포츠,육상레저스포츠,"14,501",71
20,안동문화예술의전당,경상북도,안동시,문화관광,공연시설,"13,806",71
1,죽도시장,경상북도,포항시 북구,쇼핑,시장,"387,557",72
2,포항역,경상북도,포항시 북구,기타관광,교통시설,"358,579",72
3,영일대해수욕장,경상북도,포항시 북구,자연관광,자연경관(하천/해양),"220,230",72
4,환호공원스페이스워크,경상북도,포항시 북구,레저스포츠,기타레저스포츠,"202,047",72
5,롯데백화점포항점,경상북도,포항시 북구,쇼핑,백화점,"104,869",72
6,보경사,경상북도,포항시 북구,역사관광,종교성지,"65,992",72
7,환호공원,경상북도,포항시 북구,문화관광,도시공원,"62,268",72
8,죽도어시장,경상북도,포항시 북구,쇼핑,시장,"57,779",72
9,칠포해수욕장,경상북도,포항시 북구,자연관광,자연경관(하천/해양),"53,095",72
10,해상스카이워크,경상북도,포항시 북구,기타관광,기타관광,"48,315",72
11,NC백화점경산점,경상북도,경산시,쇼핑,백화점,"27,085",73
12,반곡지,경상북도,경산시,자연관광,자연경관(하천/해양),"23,988",73
13,브리프저니,경상북도,경산시,문화관광,기타문화관광지,"18,146",73
14,하양체육공원,경상북도,경산시,문화관광,도시공원,"14,724",73
15,이웃집수달,경상북도,경산시,문화관광,테마공원,"13,969",73
16,하양꿈바우시장,경상북도,경산시,쇼핑,시장,"11,535",73
17,남매공원,경상북도,경산시,문화관광,도시공원,"11,174",73
18,불굴사,경상북도,경산시,역사관광,종교성지,"10,887",73
19,경산시립박물관,경상북도,경산시,문화관광,전시시설,"10,052",73
20,선본사,경상북도,경산시,역사관광,종교성지,"9,663",73
1,마산역,경상남도,창원시 마산회원구,기타관광,교통시설,"230,173",74
2,마산시외버스터미널,경상남도,창원시 마산회원구,기타관광,교통시설,"180,919",74
3,마산야구장,경상남도,창원시 마산회원구,문화관광,레저스포츠시설,"46,517",74
4,마산고속버스터미널,경상남도,창원시 마산회원구,기타관광,교통시설,"41,763",74
5,창원NC파크,경상남도,창원시 마산회원구,문화관광,레저스포츠시설,"38,276",74
6,창원시내서농산물도매시장,경상남도,창원시 마산회원구,쇼핑,시장,"26,219",74
7,중리역,경상남도,창원시 마산회원구,기타관광,교통시설,"21,975",74
8,CGV마산,경상남도,창원시 마산회원구,문화관광,공연시설,"20,869",74
9,봉암수원지,경상남도,창원시 마산회원구,자연관광,자연경관(하천/해양),"15,050",74
10,내서고속버스터미널,경상남도,창원시 마산회원구,기타관광,교통시설,"13,454",74
11,동원로얄컨트리클럽,경상남도,통영시,레저스포츠,육상레저스포츠,"21,947",75
12,달아공원,경상남도,통영시,문화관광,도시공원,"18,393",75
13,사량도여객선터미널,경상남도,통영시,기타관광,교통시설,"15,886",75
14,통영유람선터미널,경상남도,통영시,기타관광,교통시설,"14,617",75
15,가오치항,경상남도,통영시,자연관광,자연경관(하천/해양),"14,308",75
16,롯데시네마통영,경상남도,통영시,문화관광,공연시설,"13,515",75
17,남망산조각공원,경상남도,통영시,문화관광,도시공원,"13,350",75
18,수륙해수욕장,경상남도,통영시,자연관광,자연경관(하천/해양),"12,697",75
19,더카트인통영,경상남도,통영시,레저스포츠,기타레저스포츠,"12,617",75
20,달아항,경상남도,통영시,자연관광,자연경관(하천/해양),"12,422",75
11,거제씨월드,경상남도,거제시,문화관광,테마공원,"28,090",76
12,구조라해수욕장,경상남도,거제시,자연관광,자연경관(하천/해양),"27,009",76
13,거제뷰CC,경상남도,거제시,레저스포츠,육상레저스포츠,"26,023",76
14,디큐브거제백화점,경상남도,거제시,쇼핑,백화점,"25,231",76
15,저구항,경상남도,거제시,자연관광,자연경관(하천/해양),"24,728",76
16,장승포항,경상남도,거제시,자연관광,자연경관(하천/해양),"24,454",76
17,드비치골프클럽,경상남도,거제시,레저스포츠,육상레저스포츠,"24,170",76
18,망치몽돌해수욕장,경상남도,거제시,자연관광,자연경관(하천/해양),"21,308",76
19,지세포항,경상남도,거제시,자연관광,자연경관(하천/해양),"21,227",76
20,장승포여객선터미널,경상남도,거제시,기타관광,교통시설,"20,856",76
11,진양호동물원,경상남도,진주시,문화관광,테마공원,"34,804",77
12,진주남강유등축제,경상남도,진주시,문화관광,기타문화관광지,"31,209",77
13,진주농산물도매시장,경상남도,진주시,쇼핑,시장,"28,063",77
14,경남문화예술회관,경상남도,진주시,문화관광,공연시설,"25,890",77
15,촉석루,경상남도,진주시,역사관광,역사유적지,"22,661",77
16,롯데시네마엠비씨네,경상남도,진주시,문화관광,공연시설,"19,119",77
17,강주연못,경상남도,진주시,자연관광,자연경관(하천/해양),"18,586",77
18,진주CC,경상남도,진주시,레저스포츠,육상레저스포츠,"18,439",77
19,진양호,경상남도,진주시,자연관광,자연경관(하천/해양),"14,034",77
20,월아산자연휴양림,경상남도,진주시,자연관광,자연공원,"11,697",77
11,스누피가든,제주특별자치도,제주시,기타관광,기타관광,"92,109",78
12,금능해수욕장,제주특별자치도,제주시,자연관광,자연경관(하천/해양),"88,137",78
13,에코랜드테마파크,제주특별자치도,제주시,문화관광,테마공원,"78,866",78
14,용두암,제주특별자치도,제주시,기타관광,기타관광,"74,550",78
15,새별오름,제주특별자치도,제주시,자연관광,자연관광(산),"73,231",78
16,신창풍차해안도로,제주특별자치도,제주시,기타관광,데이트코스,"69,256",78
17,9.81파크,제주특별자치도,제주시,문화관광,테마공원,"68,304",78
18,금오름,제주특별자치도,제주시,자연관광,자연관광(산),"66,096",78
19,도두동무지개해안도로,제주특별자치도,제주시,기타관광,데이트코스,"65,872",78
20,제주민속오일시장,제주특별자치도,제주시,쇼핑,시장,"62,563",78
11,쇠소깍,제주특별자치도,서귀포시,기타관광,기타관광,"71,618",79
12,천지연폭포,제주특별자치도,서귀포시,자연관광,자연경관(산),"71,021",79
13,제주신화월드,제주특별자치도,서귀포시,문화관광,복합관광시설,"69,946",79
14,산방산,제주특별자치도,서귀포시,자연관광,자연경관(산),"63,799",79
15,중문색달해변,제주특별자치도,서귀포시,자연관광,자연경관(하천/해양),"59,535",79
16,정방폭포,제주특별자치도,서귀포시,자연관광,자연경관(산),"57,963",79
17,제주관광공사면세점,제주특별자치도,서귀포시,쇼핑,면세점,"56,279",79
18,한라산둘레길사려니숲길,제주특별자치도,서귀포시,레저스포츠,기타레저스포츠,"55,692",79
19,뽀로로&타요테마파크제주,제주특별자치도,서귀포시,문화관광,테마공원,"54,899",79
20,우도도항선선착장,제주특별자치도,서귀포시,기타관광,교통시설,"54,848",79
11,베어트리파크,세종특별자치시,세종특별자치시,문화관광,테마공원,"66,184",80
12,레이캐슬CC,세종특별자치시,세종특별자치시,레저스포츠,육상레저스포츠,"54,049",80
13,고복저수지,세종특별자치시,세종특별자치시,자연관광,자연경관(하천/해양),"47,936",80
14,이응다리,세종특별자치시,세종특별자치시,기타관광,기타관광,"45,238",80
15,세종필드GC,세종특별자치시,세종특별자치시,레저스포츠,육상레저스포츠,"40,995",80
16,전의역,세종특별자치시,세종특별자치시,기타관광,교통시설,"34,518",80
17,세종예술의전당,세종특별자치시,세종특별자치시,문화관광,공연시설,"33,371",80
18,어반아트리움더센트럴,세종특별자치시,세종특별자치시,쇼핑,쇼핑몰,"28,850",80
19,금강수목원,세종특별자치시,세종특별자치시,자연관광,자연공원,"28,592",80
20,세종중앙공원,세종특별자치시,세종특별자치시,문화관광,도시공원,"27,525",80
1,스타필드수원,경기도,수원시 장안구,쇼핑,쇼핑몰,"1,524,687",41
2,만석공원,경기도,수원시 장안구,문화관광,도시공원,"171,062",41
3,수원KT위즈파크,경기도,수원시 장안구,문화관광,레저스포츠시설,"166,935",41
4,북수원온천,경기도,수원시 장안구,체험관광,웰니스관광,"111,446",41
5,일월수목원,경기도,수원시 장안구,자연관광,자연공원,"101,076",41
6,정자시장,경기도,수원시 장안구,쇼핑,시장,"45,966",41
7,CGV북수원,경기도,수원시 장안구,문화관광,공연시설,"45,702",41
8,장안문,경기도,수원시 장안구,역사관광,역사유적지,"43,870",41
9,수원SK아트리움,경기도,수원시 장안구,문화관광,공연시설,"41,596",41
10,해우재,경기도,수원시 장안구,문화관광,전시시설,"37,190",41
1,AK플라자수원,경기도,수원시 팔달구,쇼핑,백화점,"643,358",41
2,수원역,경기도,수원시 팔달구,기타관광,교통시설,"593,927",41
3,화성행궁,경기도,수원시 팔달구,역사관광,역사유적지,"269,865",41
4,뉴코아아울렛동수원점,경기도,수원시 팔달구,쇼핑,대형마트,"196,985",41
5,수원월드컵경기장,경기도,수원시 팔달구,문화관광,레저스포츠시설,"158,867",41
6,CGV동수원,경기도,수원시 팔달구,문화관광,공연시설,"156,986",41
7,경기아트센터,경기도,수원시 팔달구,문화관광,공연시설,"125,125",41
8,지동시장,경기도,수원시 팔달구,쇼핑,시장,"120,784",41
9,수원화성,경기도,수원시 팔달구,역사관광,역사유적지,"89,882",41
10,수원시립미술관,경기도,수원시 팔달구,문화관광,전시시설,"70,776",41
1,에버랜드,경기도,용인시 처인구,문화관광,테마공원,"1,868,490",42
2,캐리비안베이,경기도,용인시 처인구,문화관광,테마공원,"329,997",42
3,레이크사이드CC,경기도,용인시 처인구,레저스포츠,육상레저스포츠,"256,256",42
4,용인공영버스터미널,경기도,용인시 처인구,기타관광,교통시설,"222,318",42
5,플라자CC용인,경기도,용인시 처인구,레저스포츠,육상레저스포츠,"166,716",42
6,코리아CC,경기도,용인시 처인구,레저스포츠,육상레저스포츠,"164,018",42
7,아시아나CC,경기도,용인시 처인구,레저스포츠,육상레저스포츠,"149,079",42
8,용인중앙시장,경기도,용인시 처인구,쇼핑,시장,"147,279",42
9,한림용인CC,경기도,용인시 처인구,레저스포츠,육상레저스포츠,"139,289",42
10,해솔리아컨트리클럽,경기도,용인시 처인구,레저스포츠,육상레저스포츠,"133,373",42
1,모란민속5일장,경기도,성남시 중원구,쇼핑,시장,"211,660",43
2,은행시장,경기도,성남시 중원구,쇼핑,시장,"81,542",43
3,상대원시장,경기도,성남시 중원구,쇼핑,시장,"72,650",43
4,학년쇼핑,경기도,성남시 중원구,쇼핑,쇼핑몰,"36,792",43
5,CGV성남모란,경기도,성남시 중원구,문화관광,공연시설,"23,348",43
6,모란야구장,경기도,성남시 중원구,문화관광,레저스포츠시설,"22,040",43
7,탄천변제1체육공원축구장,경기도,성남시 중원구,문화관광,레저스포츠시설,"20,517",43
8,황송공원,경기도,성남시 중원구,문화관광,도시공원,"18,714",43
9,성호시장,경기도,성남시 중원구,쇼핑,시장,"18,531",43
10,티엘아이아트센터,경기도,성남시 중원구,문화관광,공연시설,"11,482",43
1,킨텍스제1전시장,경기도,고양시 일산서구,문화관광,전시시설,"824,660",46
2,현대백화점킨텍스점,경기도,고양시 일산서구,쇼핑,백화점,"649,962",46
3,킨텍스제2전시장,경기도,고양시 일산서구,문화관광,전시시설,"567,895",46
4,원마운트,경기도,고양시 일산서구,쇼핑,쇼핑몰,"237,443",46
5,아쿠아플라넷일산,경기도,고양시 일산서구,문화관광,테마공원,"163,992",46
6,탄현역,경기도,고양시 일산서구,기타관광,교통시설,"137,068",46
7,현대모터스튜디오고양,경기도,고양시 일산서구,문화관광,전시시설,"136,233",46
8,일산시장,경기도,고양시 일산서구,쇼핑,시장,"126,289",46
9,원마운트워터파크,경기도,고양시 일산서구,문화관광,테마공원,"95,194",46
10,그랜드백화점일산점,경기도,고양시 일산서구,쇼핑,백화점,"89,722",46
1,세레니티CC,충청북도,청주시 서원구,레저스포츠,육상레저스포츠,"77,625",55
2,청주예술의전당,충청북도,청주시 서원구,문화관광,공연시설,"43,500",55
3,청주온천스파피아,충청북도,청주시 서원구,체험관광,웰니스관광,"29,544",55
4,에버세이브,충청북도,청주시 서원구,쇼핑,쇼핑몰,"26,710",55
5,사창시장,충청북도,청주시 서원구,쇼핑,시장,"19,086",55
6,원마루시장,충청북도,청주시 서원구,쇼핑,시장,"14,676",55
7,청주남부정류장,충청북도,청주시 서원구,기타관광,교통시설,"14,599",55
8,용화사,충청북도,청주시 서원구,역사관광,종교성지,"12,586",55
9,청주아트홀,충청북도,청주시 서원구,문화관광,공연시설,"12,075",55
10,청원가구마을,충청북도,청주시 서원구,쇼핑,기타쇼핑시설,"8,346",55
1,청주국제공항,충청북도,청주시 청원구,기타관광,교통시설,"834,928",55
2,오창호수공원,충청북도,청주시 청원구,문화관광,도시공원,"176,549",55
3,그랜드CC,충청북도,청주시 청원구,레저스포츠,육상레저스포츠,"102,672",55
4,오근장역,충청북도,청주시 청원구,기타관광,교통시설,"57,855",55
5,국립현대미술관청주관,충청북도,청주시 청원구,문화관광,전시시설,"42,856",55
6,오창에딘버러CC,충청북도,청주시 청원구,레저스포츠,육상레저스포츠,"30,501",55
7,청주대정류장,충청북도,청주시 청원구,기타관광,교통시설,"24,671",55
8,청주북부터미널,충청북도,청주시 청원구,기타관광,교통시설,"22,427",55
9,CGV청주율량,충청북도,청주시 청원구,문화관광,공연시설,"22,272",55
10,청주체력단련장,충청북도,청주시 청원구,레저스포츠,육상레저스포츠,"18,614",55
1,롯데백화점창원점,경상남도,창원시 성산구,쇼핑,백화점,"246,742",74
2,창원컨벤션센터,경상남도,창원시 성산구,문화관광,전시시설,"110,784",74
3,상남시장,경상남도,창원시 성산구,쇼핑,시장,"107,464",74
4,대동백화점,경상남도,창원시 성산구,쇼핑,백화점,"85,229",74
5,더시티7쇼핑몰,경상남도,창원시 성산구,쇼핑,쇼핑몰,"79,968",74
6,롯데영플라자창원점,경상남도,창원시 성산구,쇼핑,백화점,"58,555",74
7,가음정시장,경상남도,창원시 성산구,쇼핑,시장,"57,900",74
8,남산시외버스정류소,경상남도,창원시 성산구,기타관광,교통시설,"55,637",74
9,창원축구센터,경상남도,창원시 성산구,문화관광,레저스포츠시설,"50,058",74
10,성산아트홀,경상남도,창원시 성산구,문화관광,공연시설,"47,078",74
1,창원중앙역,경상남도,창원시 의창구,기타관광,교통시설,"251,668",74
2,창원역,경상남도,창원시 의창구,기타관광,교통시설,"163,300",74
3,창원종합버스터미널,경상남도,창원시 의창구,기타관광,교통시설,"153,230",74
4,마금산원탕보양온천,경상남도,창원시 의창구,체험관광,웰니스관광,"103,299",74
5,뉴코아아울렛창원점,경상남도,창원시 의창구,쇼핑,대형마트,"68,920",74
6,주남저수지,경상남도,창원시 의창구,자연관광,자연경관(하천/해양),"48,172",74
7,창원국제사격장,경상남도,창원시 의창구,레저스포츠,육상레저스포츠,"43,894",74
8,명서시장,경상남도,창원시 의창구,쇼핑,시장,"32,465",74
9,창원CC,경상남도,창원시 의창구,레저스포츠,육상레저스포츠,"26,441",74
10,창원시팔용농산물도매시장,경상남도,창원시 의창구,쇼핑,시장,"24,716",74
1,아라미르CC,경상남도,창원시 진해구,레저스포츠,육상레저스포츠,"85,043",74
2,용원어시장,경상남도,창원시 진해구,쇼핑,시장,"83,989",74
3,용원골프클럽,경상남도,창원시 진해구,레저스포츠,육상레저스포츠,"83,117",74
4,진해루,경상남도,창원시 진해구,역사관광,역사유적지,"82,860",74
5,진해해양공원,경상남도,창원시 진해구,문화관광,도시공원,"57,952",74
6,경화역폐역,경상남도,창원시 진해구,기타관광,교통시설,"48,937",74
7,진해역폐역,경상남도,창원시 진해구,기타관광,교통시설,"47,211",74
8,진해군항제,경상남도,창원시 진해구,문화관광,기타문화관광지,"33,145",74
9,진해중앙시장,경상남도,창원시 진해구,쇼핑,시장,"28,458",74
10,삼포항,경상남도,창원시 진해구,기타관광,교통시설,"27,670",74
